"doi","exemplar","type","key","value"
"10.1007_BF01044383","1","length","total_length","89872"
"10.1007_BF01044383","1","p_values","locations_p.start","39847"
"10.1007_BF01044383","2","p_values","locations_p.start","40405"
"10.1007_BF01044383","3","p_values","locations_p.start","41222"
"10.1007_BF01044383","4","p_values","locations_p.start","41453"
"10.1007_BF01044383","5","p_values","locations_p.start","42768"
"10.1007_BF01044383","6","p_values","locations_p.start","44731"
"10.1007_BF01044383","7","p_values","locations_p.start","47870"
"10.1007_BF01044383","8","p_values","locations_p.start","49322"
"10.1007_BF01044383","9","p_values","locations_p.start","50296"
"10.1007_BF01044383","10","p_values","locations_p.start","53241"
"10.1007_BF01044383","11","p_values","locations_p.start","57250"
"10.1007_BF01044383","12","p_values","locations_p.start","62752"
"10.1007_BF01044383","13","p_values","locations_p.start","63920"
"10.1007_BF01044383","14","p_values","locations_p.start","64353"
"10.1007_BF01044383","15","p_values","locations_p.start","65204"
"10.1007_BF01044383","16","p_values","locations_p.start","66423"
"10.1007_BF01044383","17","p_values","locations_p.start","67075"
"10.1007_BF01044383","18","p_values","locations_p.start","69022"
"10.1007_BF01044383","19","p_values","locations_p.start","69120"
"10.1007_BF01044383","20","p_values","locations_p.start","69528"
"10.1007_BF01044383","21","p_values","locations_p.start","70881"
"10.1007_BF01044383","22","p_values","locations_p.start","71494"
"10.1007_BF01044383","1","p_values","locations_p.end","39854"
"10.1007_BF01044383","2","p_values","locations_p.end","40412"
"10.1007_BF01044383","3","p_values","locations_p.end","41229"
"10.1007_BF01044383","4","p_values","locations_p.end","41460"
"10.1007_BF01044383","5","p_values","locations_p.end","42775"
"10.1007_BF01044383","6","p_values","locations_p.end","44738"
"10.1007_BF01044383","7","p_values","locations_p.end","47878"
"10.1007_BF01044383","8","p_values","locations_p.end","49329"
"10.1007_BF01044383","9","p_values","locations_p.end","50303"
"10.1007_BF01044383","10","p_values","locations_p.end","53248"
"10.1007_BF01044383","11","p_values","locations_p.end","57257"
"10.1007_BF01044383","12","p_values","locations_p.end","62760"
"10.1007_BF01044383","13","p_values","locations_p.end","63927"
"10.1007_BF01044383","14","p_values","locations_p.end","64361"
"10.1007_BF01044383","15","p_values","locations_p.end","65211"
"10.1007_BF01044383","16","p_values","locations_p.end","66430"
"10.1007_BF01044383","17","p_values","locations_p.end","67083"
"10.1007_BF01044383","18","p_values","locations_p.end","69029"
"10.1007_BF01044383","19","p_values","locations_p.end","69127"
"10.1007_BF01044383","20","p_values","locations_p.end","69536"
"10.1007_BF01044383","21","p_values","locations_p.end","70889"
"10.1007_BF01044383","22","p_values","locations_p.end","71501"
"10.1007_BF01044383","1","p_values","result","p>.10"
"10.1007_BF01044383","2","p_values","result","p>.10"
"10.1007_BF01044383","3","p_values","result","p>.10"
"10.1007_BF01044383","4","p_values","result","p>.10"
"10.1007_BF01044383","5","p_values","result","p<.08"
"10.1007_BF01044383","6","p_values","result","p>.10"
"10.1007_BF01044383","7","p_values","result","p<.001"
"10.1007_BF01044383","8","p_values","result","p<.01"
"10.1007_BF01044383","9","p_values","result","p<.01"
"10.1007_BF01044383","10","p_values","result","p>.10"
"10.1007_BF01044383","11","p_values","result","p<.09"
"10.1007_BF01044383","12","p_values","result","p<.001"
"10.1007_BF01044383","13","p_values","result","p<.03"
"10.1007_BF01044383","14","p_values","result","p<.001"
"10.1007_BF01044383","15","p_values","result","p>.10"
"10.1007_BF01044383","16","p_values","result","p>.10"
"10.1007_BF01044383","17","p_values","result","p<.001"
"10.1007_BF01044383","18","p_values","result","p>.10"
"10.1007_BF01044383","19","p_values","result","p>.10"
"10.1007_BF01044383","20","p_values","result","p<.001"
"10.1007_BF01044383","21","p_values","result","p<.001"
"10.1007_BF01044383","22","p_values","result","p<.04"
"10.1007_BF01044383","1","p_values","comparison",">"
"10.1007_BF01044383","2","p_values","comparison",">"
"10.1007_BF01044383","3","p_values","comparison",">"
"10.1007_BF01044383","4","p_values","comparison",">"
"10.1007_BF01044383","5","p_values","comparison","<"
"10.1007_BF01044383","6","p_values","comparison",">"
"10.1007_BF01044383","7","p_values","comparison","<"
"10.1007_BF01044383","8","p_values","comparison","<"
"10.1007_BF01044383","9","p_values","comparison","<"
"10.1007_BF01044383","10","p_values","comparison",">"
"10.1007_BF01044383","11","p_values","comparison","<"
"10.1007_BF01044383","12","p_values","comparison","<"
"10.1007_BF01044383","13","p_values","comparison","<"
"10.1007_BF01044383","14","p_values","comparison","<"
"10.1007_BF01044383","15","p_values","comparison",">"
"10.1007_BF01044383","16","p_values","comparison",">"
"10.1007_BF01044383","17","p_values","comparison","<"
"10.1007_BF01044383","18","p_values","comparison",">"
"10.1007_BF01044383","19","p_values","comparison",">"
"10.1007_BF01044383","20","p_values","comparison","<"
"10.1007_BF01044383","21","p_values","comparison","<"
"10.1007_BF01044383","22","p_values","comparison","<"
"10.1007_BF01044383","1","p_values","value",".10"
"10.1007_BF01044383","2","p_values","value",".10"
"10.1007_BF01044383","3","p_values","value",".10"
"10.1007_BF01044383","4","p_values","value",".10"
"10.1007_BF01044383","5","p_values","value",".08"
"10.1007_BF01044383","6","p_values","value",".10"
"10.1007_BF01044383","7","p_values","value",".001"
"10.1007_BF01044383","8","p_values","value",".01"
"10.1007_BF01044383","9","p_values","value",".01"
"10.1007_BF01044383","10","p_values","value",".10"
"10.1007_BF01044383","11","p_values","value",".09"
"10.1007_BF01044383","12","p_values","value",".001"
"10.1007_BF01044383","13","p_values","value",".03"
"10.1007_BF01044383","14","p_values","value",".001"
"10.1007_BF01044383","15","p_values","value",".10"
"10.1007_BF01044383","16","p_values","value",".10"
"10.1007_BF01044383","17","p_values","value",".001"
"10.1007_BF01044383","18","p_values","value",".10"
"10.1007_BF01044383","19","p_values","value",".10"
"10.1007_BF01044383","20","p_values","value",".001"
"10.1007_BF01044383","21","p_values","value",".001"
"10.1007_BF01044383","22","p_values","value",".04"
"10.1007_BF01044383","1","string_hypothesi","locations_hypothesi.start","39233"
"10.1007_BF01044383","2","string_hypothesi","locations_hypothesi.start","41526"
"10.1007_BF01044383","3","string_hypothesi","locations_hypothesi.start","41627"
"10.1007_BF01044383","4","string_hypothesi","locations_hypothesi.start","42490"
"10.1007_BF01044383","5","string_hypothesi","locations_hypothesi.start","42621"
"10.1007_BF01044383","6","string_hypothesi","locations_hypothesi.start","43792"
"10.1007_BF01044383","7","string_hypothesi","locations_hypothesi.start","46062"
"10.1007_BF01044383","8","string_hypothesi","locations_hypothesi.start","52607"
"10.1007_BF01044383","9","string_hypothesi","locations_hypothesi.start","53343"
"10.1007_BF01044383","10","string_hypothesi","locations_hypothesi.start","56656"
"10.1007_BF01044383","11","string_hypothesi","locations_hypothesi.start","57567"
"10.1007_BF01044383","12","string_hypothesi","locations_hypothesi.start","57998"
"10.1007_BF01044383","13","string_hypothesi","locations_hypothesi.start","58847"
"10.1007_BF01044383","14","string_hypothesi","locations_hypothesi.start","60755"
"10.1007_BF01044383","15","string_hypothesi","locations_hypothesi.start","60995"
"10.1007_BF01044383","16","string_hypothesi","locations_hypothesi.start","61553"
"10.1007_BF01044383","17","string_hypothesi","locations_hypothesi.start","64717"
"10.1007_BF01044383","18","string_hypothesi","locations_hypothesi.start","65295"
"10.1007_BF01044383","19","string_hypothesi","locations_hypothesi.start","65328"
"10.1007_BF01044383","20","string_hypothesi","locations_hypothesi.start","65616"
"10.1007_BF01044383","21","string_hypothesi","locations_hypothesi.start","67371"
"10.1007_BF01044383","22","string_hypothesi","locations_hypothesi.start","69992"
"10.1007_BF01044383","23","string_hypothesi","locations_hypothesi.start","71667"
"10.1007_BF01044383","24","string_hypothesi","locations_hypothesi.start","73532"
"10.1007_BF01044383","25","string_hypothesi","locations_hypothesi.start","78135"
"10.1007_BF01044383","26","string_hypothesi","locations_hypothesi.start","78263"
"10.1007_BF01044383","27","string_hypothesi","locations_hypothesi.start","79119"
"10.1007_BF01044383","28","string_hypothesi","locations_hypothesi.start","84785"
"10.1007_BF01044383","1","string_hypothesi","locations_hypothesi.end","39241"
"10.1007_BF01044383","2","string_hypothesi","locations_hypothesi.end","41534"
"10.1007_BF01044383","3","string_hypothesi","locations_hypothesi.end","41635"
"10.1007_BF01044383","4","string_hypothesi","locations_hypothesi.end","42498"
"10.1007_BF01044383","5","string_hypothesi","locations_hypothesi.end","42629"
"10.1007_BF01044383","6","string_hypothesi","locations_hypothesi.end","43800"
"10.1007_BF01044383","7","string_hypothesi","locations_hypothesi.end","46070"
"10.1007_BF01044383","8","string_hypothesi","locations_hypothesi.end","52615"
"10.1007_BF01044383","9","string_hypothesi","locations_hypothesi.end","53351"
"10.1007_BF01044383","10","string_hypothesi","locations_hypothesi.end","56664"
"10.1007_BF01044383","11","string_hypothesi","locations_hypothesi.end","57575"
"10.1007_BF01044383","12","string_hypothesi","locations_hypothesi.end","58006"
"10.1007_BF01044383","13","string_hypothesi","locations_hypothesi.end","58855"
"10.1007_BF01044383","14","string_hypothesi","locations_hypothesi.end","60763"
"10.1007_BF01044383","15","string_hypothesi","locations_hypothesi.end","61003"
"10.1007_BF01044383","16","string_hypothesi","locations_hypothesi.end","61561"
"10.1007_BF01044383","17","string_hypothesi","locations_hypothesi.end","64725"
"10.1007_BF01044383","18","string_hypothesi","locations_hypothesi.end","65303"
"10.1007_BF01044383","19","string_hypothesi","locations_hypothesi.end","65336"
"10.1007_BF01044383","20","string_hypothesi","locations_hypothesi.end","65624"
"10.1007_BF01044383","21","string_hypothesi","locations_hypothesi.end","67379"
"10.1007_BF01044383","22","string_hypothesi","locations_hypothesi.end","70000"
"10.1007_BF01044383","23","string_hypothesi","locations_hypothesi.end","71675"
"10.1007_BF01044383","24","string_hypothesi","locations_hypothesi.end","73540"
"10.1007_BF01044383","25","string_hypothesi","locations_hypothesi.end","78143"
"10.1007_BF01044383","26","string_hypothesi","locations_hypothesi.end","78271"
"10.1007_BF01044383","27","string_hypothesi","locations_hypothesi.end","79127"
"10.1007_BF01044383","28","string_hypothesi","locations_hypothesi.end","84793"
"10.1007_BF01044383","1","string_hypothesi","pre_hypothesi","st.

(1) Juror notes will serve as a useful memory aid. Several indices can be used to address this h"
"10.1007_BF01044383","2","string_hypothesi","pre_hypothesi","ken, M = 3.1, t(534) = 1.1, p > .10, d = .1. Overall, then, there is no support in the data for the h"
"10.1007_BF01044383","3","string_hypothesi","pre_hypothesi","ypothesis that juror notes will serve as a useful memory aid. Although we found no support for this h"
"10.1007_BF01044383","4","string_hypothesi","pre_hypothesi","e satisfied with the trial procedure and verdict. Again, several indices were used to evaluate this h"
"10.1007_BF01044383","5","string_hypothesi","pre_hypothesi","jurors were asked how satisfied they were with the way the trial was conducted. On this measure the h"
"10.1007_BF01044383","6","string_hypothesi","pre_hypothesi"," confident that the judge’s instructions were correctly recalled and applied. In order to test this h"
"10.1007_BF01044383","7","string_hypothesi","pre_hypothesi"," not rather than whether they were allowed to do so or not. Overall there is little support for the h"
"10.1007_BF01044383","8","string_hypothesi","pre_hypothesi","tion between literacy and notetaking on juror influence during deliberations. In order to test this h"
"10.1007_BF01044383","9","string_hypothesi","pre_hypothesi"," > .10.

(3) Jurors’ notes would be an inaccurate or unfair record of the trial. One basis for this h"
"10.1007_BF01044383","10","string_hypothesi","pre_hypothesi","during the prosecution’s case presentation than the defense’s presentation. As another test of this h"
"10.1007_BF01044383","11","string_hypothesi","pre_hypothesi","6.2; notetaking not allowed, M = 6.2, t(52) = .5, p = NA, d = .1. Overall, we do not feel that this h"
"10.1007_BF01044383","12","string_hypothesi","pre_hypothesi","tor of understandability of the judge’s instructions). We also reported above that contrary to this h"
"10.1007_BF01044383","13","string_hypothesi","pre_hypothesi"," = 2.6 hours; t(51) d = 0.0; p = NA. Again, the measures from this study lend little support to the h"
"10.1007_BF01044383","14","string_hypothesi","pre_hypothesi"," have all the information necessary to reach a verdict. Numerous indices were employed to test this h"
"10.1007_BF01044383","15","string_hypothesi","pre_hypothesi","e jurors had in deciding how to vote. On the first three measures, the clear indication is that the h"
"10.1007_BF01044383","16","string_hypothesi","pre_hypothesi","decision. Despite the constant verdict difficulty, overall, we feel that the evidence supports this h"
"10.1007_BF01044383","17","string_hypothesi","pre_hypothesi","estions were not very informative, we feel that there is not sufficient evidence to argue that this h"
"10.1007_BF01044383","18","string_hypothesi","pre_hypothesi","2) = 1.1, p > .10, d = .4. Despite the failure to obtain statistically significant support for this h"
"10.1007_BF01044383","19","string_hypothesi","pre_hypothesi","e the failure to obtain statistically significant support for this hypothesis, the means are in the h"
"10.1007_BF01044383","20","string_hypothesi","pre_hypothesi","are asked about their attitude toward jury service, the means are in the opposite direction to that h"
"10.1007_BF01044383","21","string_hypothesi","pre_hypothesi",". Since the attorneys report that the feedback from jurors’ questions was useful, we feel that this h"
"10.1007_BF01044383","22","string_hypothesi","pre_hypothesi","e difficulty of measuring this possible consequence of juror questions, we were unable to test this h"
"10.1007_BF01044383","23","string_hypothesi","pre_hypothesi","ure after exposure to juror questioning than prior to such exposure. Another way of addressing this h"
"10.1007_BF01044383","24","string_hypothesi","pre_hypothesi","or’s question is sustained, the jury might draw inappropriate inferences. This is another difficult h"
"10.1007_BF01044383","25","string_hypothesi","pre_hypothesi",".

2 These instructions are available upon request from the authors.

3 For this and all subsequent h"
"10.1007_BF01044383","26","string_hypothesi","pre_hypothesi","led tests of significance are employed; thus when the means are in the opposite direction from that h"
"10.1007_BF01044383","27","string_hypothesi","pre_hypothesi","s should be minimal since the resulting test of significance does not allow a rejection of the null h"
"10.1007_BF01044383","28","string_hypothesi","pre_hypothesi","efendant’s guilt.
  * * Give the defendant the benefit of every reasonable doubt.
  * Try to form a h"
"10.1007_BF01044383","1","string_hypothesi","post_hypothesi","is, and the clear general indication is that juror notetaking did not serve as a very useful memory a"
"10.1007_BF01044383","2","string_hypothesi","post_hypothesi","is that juror notes will serve as a useful memory aid. Although we found no support for this hypothes"
"10.1007_BF01044383","3","string_hypothesi","post_hypothesi","is, there are obvious limitations in the sensitivity of our dependent measures, particularly the mult"
"10.1007_BF01044383","4","string_hypothesi","post_hypothesi","is. As a first measure jurors were asked how satisfied they were with the way the trial was conducted"
"10.1007_BF01044383","5","string_hypothesi","post_hypothesi","is received marginally significant support: (9 = very satisfied) notetaking allowed, M = 7.3; notetak"
"10.1007_BF01044383","6","string_hypothesi","post_hypothesi","is the jurors were asked how confident they were that the judge’s instructions were correctly recalle"
"10.1007_BF01044383","7","string_hypothesi","post_hypothesi","is that notetaking increases the jurors’ confidence in the verdict.  
  
![lhb-12-3-231-tbl7a.gif](ht"
"10.1007_BF01044383","8","string_hypothesi","post_hypothesi","is, we focused on jurors who were in notetaking trials. Jurors’ reported education was used as a meas"
"10.1007_BF01044383","9","string_hypothesi","post_hypothesi","is is the concern that jurors would tend to be doodling rather than taking notes during the trial. Ju"
"10.1007_BF01044383","10","string_hypothesi","post_hypothesi","is, jurors were asked to give their overall impression of the prosecuting and defense attorneys. Thes"
"10.1007_BF01044383","11","string_hypothesi","post_hypothesi","is has been supported.

(5) Juror notetaking might heighten disagreement among the jurors, lengthen t"
"10.1007_BF01044383","12","string_hypothesi","post_hypothesi","is, jurors in civil trials were somewhat less likely to change their vote when notes were allowed tha"
"10.1007_BF01044383","13","string_hypothesi","post_hypothesi","is that juror notetaking heightens disagreement among the jurors.

**Attorney and Judge General React"
"10.1007_BF01044383","14","string_hypothesi","post_hypothesi","is. Table 9 shows the jurors’ responses to several questions regarding the thoroughness of witness qu"
"10.1007_BF01044383","15","string_hypothesi","post_hypothesi","is is supported: jurors in question-asking trials were more satisfied that the questioning of witness"
"10.1007_BF01044383","16","string_hypothesi","post_hypothesi","is.  
  
![lhb-12-3-231-tbl9a.gif](http://largecontent.ebsco-content.com/embimages/cd2231e3dfbb0004de"
"10.1007_BF01044383","17","string_hypothesi","post_hypothesi","is was supported.

(3) Juror questions would involve the juror more in the trial and would increase t"
"10.1007_BF01044383","18","string_hypothesi","post_hypothesi","is, the means are in the hypothesized direction and the magnitude of the effect is substantial. This "
"10.1007_BF01044383","19","string_hypothesi","post_hypothesi","ized direction and the magnitude of the effect is substantial. This difference is suggestive of a ben"
"10.1007_BF01044383","20","string_hypothesi","post_hypothesi","ized: (9 = very favorable) questions allowed, M = 5.4; questions not allowed, M = 5.6; t(52) = −1.1, "
"10.1007_BF01044383","21","string_hypothesi","post_hypothesi","is has been supported.

Several hypotheses were also advanced regarding the possible disadvantages of"
"10.1007_BF01044383","22","string_hypothesi","post_hypothesi","is.

(3) Juror questions might upset the lawyers’ strategy or result in unwanted surprises. The lawye"
"10.1007_BF01044383","23","string_hypothesi","post_hypothesi","is is to compute the correlation between the number of questions asked by jurors in a trial with the "
"10.1007_BF01044383","24","string_hypothesi","post_hypothesi","is to test in a field setting and we do not have data addressing this possibility. Overall, the indic"
"10.1007_BF01044383","25","string_hypothesi","post_hypothesi","ized effects one-tailed tests of significance are employed; thus when the means are in the opposite d"
"10.1007_BF01044383","26","string_hypothesi","post_hypothesi","ized the probability will be reported as not applicable (NA).

4 Cohen (1977) described the use of d "
"10.1007_BF01044383","27","string_hypothesi","post_hypothesi","is despite the fact that, according to Kenny and Judd, the resulting F is likely to be inflated when "
"10.1007_BF01044383","28","string_hypothesi","post_hypothesi","is consistent with the defendant’s guilt.



  1. If during the trial the court did not allow a witne"
"10.1007_BF01044383","1","string_account","locations_account.start","53147"
"10.1007_BF01044383","2","string_account","locations_account.start","76428"
"10.1007_BF01044383","1","string_account","locations_account.end","53153"
"10.1007_BF01044383","2","string_account","locations_account.end","76434"
"10.1007_BF01044383","1","string_account","pre_account","interaction. The resulting regression equation revealed that there was virtually no unique variance a"
"10.1007_BF01044383","2","string_account","pre_account"," product of these two variables was entered in step 2. Again, the number of these interactions that a"
"10.1007_BF01044383","1","string_account","post_account","ted for by the interaction of notetaking and juror education: unique R2 < .001, df = 94, p > .10.

(3"
"10.1007_BF01044383","2","string_account","post_account","ted for a significant portion of unique variance was fewer than would be expected by chance alone.

C"
"10.1007_BF01044383","1","string_data","locations_data.start","35423"
"10.1007_BF01044383","2","string_data","locations_data.start","41513"
"10.1007_BF01044383","3","string_data","locations_data.start","73589"
"10.1007_BF01044383","4","string_data","locations_data.start","77906"
"10.1007_BF01044383","5","string_data","locations_data.start","79332"
"10.1007_BF01044383","1","string_data","locations_data.end","35426"
"10.1007_BF01044383","2","string_data","locations_data.end","41516"
"10.1007_BF01044383","3","string_data","locations_data.end","73592"
"10.1007_BF01044383","4","string_data","locations_data.end","77909"
"10.1007_BF01044383","5","string_data","locations_data.end","79335"
"10.1007_BF01044383","1","string_data","pre_data","s tended to be quite short.

#### Factor Analysis on Juror Data

In order to reduce the size of the d"
"10.1007_BF01044383","2","string_data","pre_data"," notes not taken, M = 3.1, t(534) = 1.1, p > .10, d = .1. Overall, then, there is no support in the d"
"10.1007_BF01044383","3","string_data","pre_data","iate inferences. This is another difficult hypothesis to test in a field setting and we do not have d"
"10.1007_BF01044383","4","string_data","pre_data","ad the benefit of watching the reactions of the judges and attorneys on the judicial council as the d"
"10.1007_BF01044383","5","string_data","pre_data","rs’ responses are positively correlated (as they tend to be within juries).

6 In order to make the d"
"10.1007_BF01044383","1","string_data","post_data","a set, two principal factor analyses with varimax rotation were performed, the first on the set of ge"
"10.1007_BF01044383","2","string_data","post_data","a for the hypothesis that juror notes will serve as a useful memory aid. Although we found no support"
"10.1007_BF01044383","3","string_data","post_data","a addressing this possibility. Overall, the indication is that when inappropriate questions were aske"
"10.1007_BF01044383","4","string_data","post_data","a consistently did not support their worst fears.

Footnotes

1 These instructions are available upon"
"10.1007_BF01044383","5","string_data","post_data","a more manageable and to assist with drawing general conclusions, the responses of jurors, attorneys,"
"10.1007_BF01044383","1","string_finding","locations_finding.start","3324"
"10.1007_BF01044383","2","string_finding","locations_finding.start","3398"
"10.1007_BF01044383","3","string_finding","locations_finding.start","5395"
"10.1007_BF01044383","4","string_finding","locations_finding.start","7350"
"10.1007_BF01044383","5","string_finding","locations_finding.start","8115"
"10.1007_BF01044383","6","string_finding","locations_finding.start","13856"
"10.1007_BF01044383","7","string_finding","locations_finding.start","14891"
"10.1007_BF01044383","8","string_finding","locations_finding.start","15741"
"10.1007_BF01044383","9","string_finding","locations_finding.start","16370"
"10.1007_BF01044383","10","string_finding","locations_finding.start","18352"
"10.1007_BF01044383","11","string_finding","locations_finding.start","55078"
"10.1007_BF01044383","12","string_finding","locations_finding.start","69603"
"10.1007_BF01044383","13","string_finding","locations_finding.start","76553"
"10.1007_BF01044383","1","string_finding","locations_finding.end","3330"
"10.1007_BF01044383","2","string_finding","locations_finding.end","3404"
"10.1007_BF01044383","3","string_finding","locations_finding.end","5401"
"10.1007_BF01044383","4","string_finding","locations_finding.end","7356"
"10.1007_BF01044383","5","string_finding","locations_finding.end","8121"
"10.1007_BF01044383","6","string_finding","locations_finding.end","13862"
"10.1007_BF01044383","7","string_finding","locations_finding.end","14897"
"10.1007_BF01044383","8","string_finding","locations_finding.end","15747"
"10.1007_BF01044383","9","string_finding","locations_finding.end","16376"
"10.1007_BF01044383","10","string_finding","locations_finding.end","18358"
"10.1007_BF01044383","11","string_finding","locations_finding.end","55084"
"10.1007_BF01044383","12","string_finding","locations_finding.end","69609"
"10.1007_BF01044383","13","string_finding","locations_finding.end","76559"
"10.1007_BF01044383","1","string_finding","pre_finding","clusively on the evidence elicited during direct and cross-examination). This article describes our f"
"10.1007_BF01044383","2","string_finding","pre_finding","his article describes our findings regarding the notetaking and question-asking manipulations. (The f"
"10.1007_BF01044383","3","string_finding","pre_finding","aluable in identifying their potential advantages and disadvantages, and has yielded some tentative f"
"10.1007_BF01044383","4","string_finding","pre_finding","r, the jurors did not have access to their notes for the recall test, and Hastie suggests that this f"
"10.1007_BF01044383","5","string_finding","pre_finding","76; Walker, LaTour, Lind, &amp; Thibaut, 1974).

None of the studies on juror notetaking report any f"
"10.1007_BF01044383","6","string_finding","pre_finding","ly suggestive; Hastie does not report an actual analysis of the accuracy of the jurors’ notes. This f"
"10.1007_BF01044383","7","string_finding","pre_finding","benefit from the notetaking procedure. The only evidence from the Hastie study on this point is the f"
"10.1007_BF01044383","8","string_finding","pre_finding","condition, but they spent more time discussing legal procedures and jury functions.

In addition to f"
"10.1007_BF01044383","9","string_finding","pre_finding","es no longer send out questions or ask to have testimony read. Hastie reports somewhat more unusual f"
"10.1007_BF01044383","10","string_finding","pre_finding"," diminish the probability of type I errors, and at the same time test the replicability of Hastie’s f"
"10.1007_BF01044383","11","string_finding","pre_finding"," the jurors’ notes to be largely void of any doodles. The most likely explanation for the different f"
"10.1007_BF01044383","12","string_finding","pre_finding","ed, M = 4.0, t(75) = 3.6, p < .001, d = .9. Overall, the evidence presented here, combined with the f"
"10.1007_BF01044383","13","string_finding","pre_finding","nt portion of unique variance was fewer than would be expected by chance alone.

CONCLUSION  


The f"
"10.1007_BF01044383","1","string_finding","post_finding","gs regarding the notetaking and question-asking manipulations. (The findings regarding the written in"
"10.1007_BF01044383","2","string_finding","post_finding","gs regarding the written instruction and precharge manipulations are reported in Heuer and Penrod, 19"
"10.1007_BF01044383","3","string_finding","post_finding","gs.

#### Juror Notetaking

Three studies have provided some evidence regarding the advantages and di"
"10.1007_BF01044383","4","string_finding","post_finding","g might merely reflect jurors’ tendency to rely on their notes as a memory aid during deliberations a"
"10.1007_BF01044383","5","string_finding","post_finding","gs regarding the role of notetaking in jurors’ satisfaction with trial outcome, but two of the studie"
"10.1007_BF01044383","6","string_finding","post_finding","g could easily stem from sources other than inaccurate notes. It is entirely plausible that jurors si"
"10.1007_BF01044383","7","string_finding","post_finding","g that notetaking had no effect on the verdict or on the jurors’ rating of the attorneys’ competence."
"10.1007_BF01044383","8","string_finding","post_finding","gs that address potential advantages and disadvantages of notetaking, both Hastie and Flango report o"
"10.1007_BF01044383","9","string_finding","post_finding","gs. First, juries that had taken notes spent less time speaking to each other and more time consultin"
"10.1007_BF01044383","10","string_finding","post_finding","gs.

#### Juror Questions to Witnesses

Of the four procedures to be examined, juror question asking "
"10.1007_BF01044383","11","string_finding","post_finding","gs is that jurors in the present study, unlike those in the Hastie study, were involved in a real tri"
"10.1007_BF01044383","12","string_finding","post_finding","g that jurors asked an average of 2.7 questions per trial, suggests that juror questions did not upse"
"10.1007_BF01044383","13","string_finding","post_finding","gs from previous studies and the present study regarding the expected advantages and disadvantages of"
"10.1007_BF01044383","1","string_result","locations_result.start","6255"
"10.1007_BF01044383","2","string_result","locations_result.start","15259"
"10.1007_BF01044383","3","string_result","locations_result.start","15865"
"10.1007_BF01044383","4","string_result","locations_result.start","16903"
"10.1007_BF01044383","5","string_result","locations_result.start","17967"
"10.1007_BF01044383","6","string_result","locations_result.start","18127"
"10.1007_BF01044383","7","string_result","locations_result.start","19270"
"10.1007_BF01044383","8","string_result","locations_result.start","21544"
"10.1007_BF01044383","9","string_result","locations_result.start","40174"
"10.1007_BF01044383","10","string_result","locations_result.start","41326"
"10.1007_BF01044383","11","string_result","locations_result.start","45619"
"10.1007_BF01044383","12","string_result","locations_result.start","45843"
"10.1007_BF01044383","13","string_result","locations_result.start","48391"
"10.1007_BF01044383","14","string_result","locations_result.start","53064"
"10.1007_BF01044383","15","string_result","locations_result.start","57697"
"10.1007_BF01044383","16","string_result","locations_result.start","61425"
"10.1007_BF01044383","17","string_result","locations_result.start","62925"
"10.1007_BF01044383","18","string_result","locations_result.start","70062"
"10.1007_BF01044383","19","string_result","locations_result.start","77283"
"10.1007_BF01044383","20","string_result","locations_result.start","77632"
"10.1007_BF01044383","21","string_result","locations_result.start","79049"
"10.1007_BF01044383","22","string_result","locations_result.start","79186"
"10.1007_BF01044383","23","string_result","locations_result.start","79547"
"10.1007_BF01044383","24","string_result","locations_result.start","86305"
"10.1007_BF01044383","1","string_result","locations_result.end","6260"
"10.1007_BF01044383","2","string_result","locations_result.end","15264"
"10.1007_BF01044383","3","string_result","locations_result.end","15870"
"10.1007_BF01044383","4","string_result","locations_result.end","16908"
"10.1007_BF01044383","5","string_result","locations_result.end","17972"
"10.1007_BF01044383","6","string_result","locations_result.end","18132"
"10.1007_BF01044383","7","string_result","locations_result.end","19275"
"10.1007_BF01044383","8","string_result","locations_result.end","21549"
"10.1007_BF01044383","9","string_result","locations_result.end","40179"
"10.1007_BF01044383","10","string_result","locations_result.end","41331"
"10.1007_BF01044383","11","string_result","locations_result.end","45624"
"10.1007_BF01044383","12","string_result","locations_result.end","45848"
"10.1007_BF01044383","13","string_result","locations_result.end","48396"
"10.1007_BF01044383","14","string_result","locations_result.end","53069"
"10.1007_BF01044383","15","string_result","locations_result.end","57702"
"10.1007_BF01044383","16","string_result","locations_result.end","61430"
"10.1007_BF01044383","17","string_result","locations_result.end","62930"
"10.1007_BF01044383","18","string_result","locations_result.end","70067"
"10.1007_BF01044383","19","string_result","locations_result.end","77288"
"10.1007_BF01044383","20","string_result","locations_result.end","77637"
"10.1007_BF01044383","21","string_result","locations_result.end","79054"
"10.1007_BF01044383","22","string_result","locations_result.end","79191"
"10.1007_BF01044383","23","string_result","locations_result.end","79552"
"10.1007_BF01044383","24","string_result","locations_result.end","86310"
"10.1007_BF01044383","1","string_result","pre_result","notetaking.

**Advantages**

(1) The obvious advantage of allowing juror notetaking is that it will r"
"10.1007_BF01044383","2","string_result","pre_result","stubborn in defense of their written record of the trial (Hastie, 1983). Such inconsistencies might r"
"10.1007_BF01044383","3","string_result","pre_result","tential advantages and disadvantages of notetaking, both Hastie and Flango report other informative r"
"10.1007_BF01044383","4","string_result","pre_result","nipulations examined in his study: written instructions and special questions.

In discussing their r"
"10.1007_BF01044383","5","string_result","pre_result","cause it scrutinized the juries’ deliberations, and the most damaging evidence regarding notetaking r"
"10.1007_BF01044383","6","string_result","pre_result","ficant limitations. Most importantly, Hastie reports that the design was low in power and therefore r"
"10.1007_BF01044383","7","string_result","pre_result","xamined in this study. Although there is a partial confound between judges and question-asking, the r"
"10.1007_BF01044383","8","string_result","pre_result","sition style at the witness” (p. 702).

(3) Juror questioning might upset the lawyers’ strategy, or r"
"10.1007_BF01044383","9","string_result","pre_result","o do so. When this comparison is made for jurors’ performance on the multiple choice questions, the r"
"10.1007_BF01044383","10","string_result","pre_result"," .10; d = .1. When we make this comparison for jurors who took notes versus jurors who did not, the r"
"10.1007_BF01044383","11","string_result","pre_result","eir verdict they were asked to report whether they changed their vote during the deliberations. The r"
"10.1007_BF01044383","12","string_result","pre_result","ncy to reduce the frequency of vote changes in civil, but not criminal trials. The pattern of these r"
"10.1007_BF01044383","13","string_result","pre_result","king trials if they thought that juror notetaking would cause any of these problems. Based upon the r"
"10.1007_BF01044383","14","string_result","pre_result"," regressed on the two independent variables of education and notetaking, and their interaction. The r"
"10.1007_BF01044383","15","string_result","pre_result","

(5) Juror notetaking might heighten disagreement among the jurors, lengthen the deliberations, or r"
"10.1007_BF01044383","16","string_result","pre_result","of verdict difficulty, however, this greater satisfaction with the questioning of witnesses did not r"
"10.1007_BF01044383","17","string_result","pre_result","ies of questions about how informative they thought the juror had (would have) been. Based upon the r"
"10.1007_BF01044383","18","string_result","pre_result",", we were unable to test this hypothesis.

(3) Juror questions might upset the lawyers’ strategy or r"
"10.1007_BF01044383","19","string_result","pre_result","vantages and Disadvantages of Juror Question Asking

When viewed in their entirety we feel that the r"
"10.1007_BF01044383","20","string_result","pre_result","me of those advantages. Almost without exception, we could find no evidence that the procedures are r"
"10.1007_BF01044383","21","string_result","pre_result","a unit of analysis for this question. The consequences of this analysis should be minimal since the r"
"10.1007_BF01044383","22","string_result","pre_result","ot allow a rejection of the null hypothesis despite the fact that, according to Kenny and Judd, the r"
"10.1007_BF01044383","23","string_result","pre_result"," regarding each of the experimental procedures were factor analyzed. Throughout the presentation of r"
"10.1007_BF01044383","24","string_result","pre_result","n 

  1. If during the course of a trial it appeared that the judge was convinced that a particular r"
"10.1007_BF01044383","1","string_result","post_result","t in a jury that is better informed about the evidence and the law during its deliberations—in short,"
"10.1007_BF01044383","2","string_result","post_result","t in acrimonious debate or lengthened deliberations or both. None of the notetaking studies measured "
"10.1007_BF01044383","3","string_result","post_result","ts. All 21 of the jurors responding in the Flango study reported taking notes when they were allowed."
"10.1007_BF01044383","4","string_result","post_result","ts, the authors come to somewhat divergent conclusions about the merits of juror notetaking. Flango c"
"10.1007_BF01044383","5","string_result","post_result","ted from this examination. However, the study has significant limitations. Most importantly, Hastie r"
"10.1007_BF01044383","6","string_result","post_result","ts are reported without any correction for multiple significance testing. A larger replication could "
"10.1007_BF01044383","7","string_result","post_result","ts are instructive.

Despite the dearth of empirical inquiries, there is some literature discussing t"
"10.1007_BF01044383","8","string_result","post_result","t in unwanted surprises (McLaughlin, 1982).

(4) Juror questions would be an impractical procedure, a"
"10.1007_BF01044383","9","string_result","post_result","ts still do not show any benefits for juror notetaking: civil trials, notes taken, M = 3.2; notes not"
"10.1007_BF01044383","10","string_result","post_result","ts still do not show any significant benefits of notetaking: notes taken, M = 2.9; notes not taken, M"
"10.1007_BF01044383","11","string_result","post_result","ts on this dependent measure are shown in Table 7. The allowance of juror notetaking had a marginally"
"10.1007_BF01044383","12","string_result","post_result","ts and the chi-square tests of independence are identical when the distinction is whether the jurors "
"10.1007_BF01044383","13","string_result","post_result","ts of a factor analysis, these questions about notes as a distraction were combined with several addi"
"10.1007_BF01044383","14","string_result","post_result","ting regression equation revealed that there was virtually no unique variance accounted for by the in"
"10.1007_BF01044383","15","string_result","post_result","t in acrimonious debate during the deliberations. We have reported above that the jurors did not say "
"10.1007_BF01044383","16","string_result","post_result","t in an easier verdict decision. Despite the constant verdict difficulty, overall, we feel that the e"
"10.1007_BF01044383","17","string_result","post_result","ts of a factor analysis of these measures, they have been combined to created a single variable (Cron"
"10.1007_BF01044383","18","string_result","post_result","t in unwanted surprises. The lawyers were asked to report their agreement with the statements that ju"
"10.1007_BF01044383","19","string_result","post_result","ts of the present study make a compelling case that both of these procedures deserve serious consider"
"10.1007_BF01044383","20","string_result","post_result","ting in any of the harmful consequences that have been suggested to accompany any of these procedures"
"10.1007_BF01044383","21","string_result","post_result","ting test of significance does not allow a rejection of the null hypothesis despite the fact that, ac"
"10.1007_BF01044383","22","string_result","post_result","ting F is likely to be inflated when jurors’ responses are positively correlated (as they tend to be "
"10.1007_BF01044383","23","string_result","post_result","ts, when multiple dependent measures appear to be measuring similar evaluative dimensions, and when a"
"10.1007_BF01044383","24","string_result","post_result","t should be reached, when the jury begins its deliberation it should:



  * Consider the judge’s opi"
