"doi","exemplar","type","key","value"
"10.1007_BF01040446","1","length","total_length","49176"
"10.1007_BF01040446","1","p_values","locations_p.start","26244"
"10.1007_BF01040446","2","p_values","locations_p.start","26325"
"10.1007_BF01040446","3","p_values","locations_p.start","26523"
"10.1007_BF01040446","4","p_values","locations_p.start","26959"
"10.1007_BF01040446","5","p_values","locations_p.start","27215"
"10.1007_BF01040446","6","p_values","locations_p.start","29694"
"10.1007_BF01040446","7","p_values","locations_p.start","31047"
"10.1007_BF01040446","8","p_values","locations_p.start","31355"
"10.1007_BF01040446","9","p_values","locations_p.start","32057"
"10.1007_BF01040446","10","p_values","locations_p.start","32135"
"10.1007_BF01040446","11","p_values","locations_p.start","33697"
"10.1007_BF01040446","12","p_values","locations_p.start","33992"
"10.1007_BF01040446","13","p_values","locations_p.start","35005"
"10.1007_BF01040446","14","p_values","locations_p.start","35228"
"10.1007_BF01040446","1","p_values","locations_p.end","26251"
"10.1007_BF01040446","2","p_values","locations_p.end","26334"
"10.1007_BF01040446","3","p_values","locations_p.end","26531"
"10.1007_BF01040446","4","p_values","locations_p.end","26966"
"10.1007_BF01040446","5","p_values","locations_p.end","27223"
"10.1007_BF01040446","6","p_values","locations_p.end","29702"
"10.1007_BF01040446","7","p_values","locations_p.end","31055"
"10.1007_BF01040446","8","p_values","locations_p.end","31362"
"10.1007_BF01040446","9","p_values","locations_p.end","32065"
"10.1007_BF01040446","10","p_values","locations_p.end","32142"
"10.1007_BF01040446","11","p_values","locations_p.end","33705"
"10.1007_BF01040446","12","p_values","locations_p.end","33999"
"10.1007_BF01040446","13","p_values","locations_p.end","35012"
"10.1007_BF01040446","14","p_values","locations_p.end","35235"
"10.1007_BF01040446","1","p_values","result","p<.04"
"10.1007_BF01040446","2","p_values","result","p<.0001"
"10.1007_BF01040446","3","p_values","result","p<.001"
"10.1007_BF01040446","4","p_values","result","p<.01"
"10.1007_BF01040446","5","p_values","result","p<.001"
"10.1007_BF01040446","6","p_values","result","p<.001"
"10.1007_BF01040446","7","p_values","result","p<.001"
"10.1007_BF01040446","8","p_values","result","p<.05"
"10.1007_BF01040446","9","p_values","result","p<.001"
"10.1007_BF01040446","10","p_values","result","p<.04"
"10.1007_BF01040446","11","p_values","result","p<.001"
"10.1007_BF01040446","12","p_values","result","p<.01"
"10.1007_BF01040446","13","p_values","result","p<.03"
"10.1007_BF01040446","14","p_values","result","p>.90"
"10.1007_BF01040446","1","p_values","comparison","<"
"10.1007_BF01040446","2","p_values","comparison","<"
"10.1007_BF01040446","3","p_values","comparison","<"
"10.1007_BF01040446","4","p_values","comparison","<"
"10.1007_BF01040446","5","p_values","comparison","<"
"10.1007_BF01040446","6","p_values","comparison","<"
"10.1007_BF01040446","7","p_values","comparison","<"
"10.1007_BF01040446","8","p_values","comparison","<"
"10.1007_BF01040446","9","p_values","comparison","<"
"10.1007_BF01040446","10","p_values","comparison","<"
"10.1007_BF01040446","11","p_values","comparison","<"
"10.1007_BF01040446","12","p_values","comparison","<"
"10.1007_BF01040446","13","p_values","comparison","<"
"10.1007_BF01040446","14","p_values","comparison",">"
"10.1007_BF01040446","1","p_values","value",".04"
"10.1007_BF01040446","2","p_values","value",".0001"
"10.1007_BF01040446","3","p_values","value",".001"
"10.1007_BF01040446","4","p_values","value",".01"
"10.1007_BF01040446","5","p_values","value",".001"
"10.1007_BF01040446","6","p_values","value",".001"
"10.1007_BF01040446","7","p_values","value",".001"
"10.1007_BF01040446","8","p_values","value",".05"
"10.1007_BF01040446","9","p_values","value",".001"
"10.1007_BF01040446","10","p_values","value",".04"
"10.1007_BF01040446","11","p_values","value",".001"
"10.1007_BF01040446","12","p_values","value",".01"
"10.1007_BF01040446","13","p_values","value",".03"
"10.1007_BF01040446","14","p_values","value",".90"
"10.1007_BF01040446","1","string_hypothesi","locations_hypothesi.start","35951"
"10.1007_BF01040446","2","string_hypothesi","locations_hypothesi.start","41101"
"10.1007_BF01040446","3","string_hypothesi","locations_hypothesi.start","41522"
"10.1007_BF01040446","1","string_hypothesi","locations_hypothesi.end","35959"
"10.1007_BF01040446","2","string_hypothesi","locations_hypothesi.end","41109"
"10.1007_BF01040446","3","string_hypothesi","locations_hypothesi.end","41530"
"10.1007_BF01040446","1","string_hypothesi","pre_hypothesi","y diverse group of jurors in terms of race, sex, age, occupation, income, and education level.

The h"
"10.1007_BF01040446","2","string_hypothesi","pre_hypothesi","ntity remains salient in the minds of jurors.

The predicted main effect of style on change scores (h"
"10.1007_BF01040446","3","string_hypothesi","pre_hypothesi","procity effect. 

The predicted interaction of target and style on levels of public self-awareness (h"
"10.1007_BF01040446","1","string_hypothesi","post_hypothesi","is that jurors would be more consistent in their attitude reports when interviewed by an attorney rat"
"10.1007_BF01040446","2","string_hypothesi","post_hypothesi","is 4) was not demonstrated on either the global score or the subscales of the ATLIQ. Although the man"
"10.1007_BF01040446","3","string_hypothesi","post_hypothesi","is 5) was not demonstrated. Instead, subjects’ levels of public self-awareness decreased significantl"
"10.1007_BF01040446","1","string_theor","locations_theor.start","44868"
"10.1007_BF01040446","1","string_theor","locations_theor.end","44872"
"10.1007_BF01040446","1","string_theor","pre_theor","A., Scheier, M. F., &amp; Buss, A. H. (1975). Public and private self-consciousness: Assessment and t"
"10.1007_BF01040446","1","string_theor","post_theor","ry. Journal of Consulting and Clinical Psychology, 43, 522–527.

Froming, W. J., Walker, G. R., &amp;"
"10.1007_BF01040446","1","string_data","locations_data.start","5560"
"10.1007_BF01040446","2","string_data","locations_data.start","25055"
"10.1007_BF01040446","3","string_data","locations_data.start","26103"
"10.1007_BF01040446","4","string_data","locations_data.start","29499"
"10.1007_BF01040446","5","string_data","locations_data.start","30016"
"10.1007_BF01040446","6","string_data","locations_data.start","35797"
"10.1007_BF01040446","7","string_data","locations_data.start","45615"
"10.1007_BF01040446","1","string_data","locations_data.end","5563"
"10.1007_BF01040446","2","string_data","locations_data.end","25058"
"10.1007_BF01040446","3","string_data","locations_data.end","26106"
"10.1007_BF01040446","4","string_data","locations_data.end","29502"
"10.1007_BF01040446","5","string_data","locations_data.end","30019"
"10.1007_BF01040446","6","string_data","locations_data.end","35800"
"10.1007_BF01040446","7","string_data","locations_data.end","45618"
"10.1007_BF01040446","1","string_data","pre_data","he assumption that the judge’s active role leads to greater juror candor. Citing anecdotal and case d"
"10.1007_BF01040446","2","string_data","pre_data","
#### Analyses of Nonmanipulated Variables

Data obtained from five subjects were excluded from the d"
"10.1007_BF01040446","3","string_data","pre_data","lation check dependent measures (perceived liking, perceived similarity, and reciprocity), thus the d"
"10.1007_BF01040446","4","string_data","pre_data","o significant main effects or interactions due to a particular actor on the change scores; thus the d"
"10.1007_BF01040446","5","string_data","pre_data",". Since there were no main effects or interactions of sex with the other independent variables, the d"
"10.1007_BF01040446","6","string_data","pre_data","omly selected from the voter registration list, were enlisted, and analysis of subjects demographic d"
"10.1007_BF01040446","7","string_data","pre_data","lity research (pp. 49–77). New York: Academic.

Jones, S. E. (1984). Pilot study 2. Unpublished raw d"
"10.1007_BF01040446","1","string_data","post_data","a, they argue that the judge will be seen as an important authority figure, and as such, jurors will "
"10.1007_BF01040446","2","string_data","post_data","a analyses because they reported knowing one of the principal actors (n = 3) or they had heard about "
"10.1007_BF01040446","3","string_data","post_data","a were combined. A 2 × 2 (target × style) multivariate analysis of variance revealed a significant ma"
"10.1007_BF01040446","4","string_data","post_data","a for both actors were combined for each of the four conditions. A 2 × 2 × 2 (target × style × sex) u"
"10.1007_BF01040446","5","string_data","post_data","a were collapsed for further analyses.

A 2 × 2 (target × style) univariate analysis of variance (Tab"
"10.1007_BF01040446","6","string_data","post_data","a reveals that participants represented an extremely diverse group of jurors in terms of race, sex, a"
"10.1007_BF01040446","7","string_data","post_data","a.

Jordon, W. E. (1981). A trial judge’s observation about voir dire examinations. Defense Law Journ"
"10.1007_BF01040446","1","string_finding","locations_finding.start","16138"
"10.1007_BF01040446","2","string_finding","locations_finding.start","36604"
"10.1007_BF01040446","3","string_finding","locations_finding.start","41806"
"10.1007_BF01040446","1","string_finding","locations_finding.end","16144"
"10.1007_BF01040446","2","string_finding","locations_finding.end","36610"
"10.1007_BF01040446","3","string_finding","locations_finding.end","41812"
"10.1007_BF01040446","1","string_finding","pre_finding"," by two actors. Two actors were used for each condition so as to expand the generalizability of the f"
"10.1007_BF01040446","2","string_finding","pre_finding","conducted voir dire. Importantly, in none of the cases were judges more effective than attorneys, a f"
"10.1007_BF01040446","3","string_finding","pre_finding","ay have competed with target and style influences, eliminating their effectiveness.

One surprising f"
"10.1007_BF01040446","1","string_finding","post_finding","gs and to ensure that the results obtained would be a function of the manipulations and not of some u"
"10.1007_BF01040446","2","string_finding","post_finding","g that contradicts previous assertions that a judge-conducted voir dire will elicit greater juror can"
"10.1007_BF01040446","3","string_finding","post_finding","g in the present study was the large difference between males and females in the consistency of their"
"10.1007_BF01040446","1","string_result","locations_result.start","16170"
"10.1007_BF01040446","2","string_result","locations_result.start","27604"
"10.1007_BF01040446","3","string_result","locations_result.start","35038"
"10.1007_BF01040446","4","string_result","locations_result.start","37492"
"10.1007_BF01040446","1","string_result","locations_result.end","16175"
"10.1007_BF01040446","2","string_result","locations_result.end","27609"
"10.1007_BF01040446","3","string_result","locations_result.end","35043"
"10.1007_BF01040446","4","string_result","locations_result.end","37497"
"10.1007_BF01040446","1","string_result","pre_result","used for each condition so as to expand the generalizability of the findings and to ensure that the r"
"10.1007_BF01040446","2","string_result","pre_result","nificant main effects or interactions of the independent variables on this manipulation check. This r"
"10.1007_BF01040446","3","string_result","pre_result"," interaction of target and style on change scores F(1,107) = 4.625, p < .03, as predicted; however, r"
"10.1007_BF01040446","4","string_result","pre_result","g rather liberal opinions. Subjects’ own views fell midpoint between these extremes. Applying these r"
"10.1007_BF01040446","1","string_result","post_result","ts obtained would be a function of the manipulations and not of some unique characteristics of the in"
"10.1007_BF01040446","2","string_result","post_result","t indicates that, contrary to predictions, jurors did not perceive attorneys as more similar to thems"
"10.1007_BF01040446","3","string_result","post_result","ts of a planned comparison between the changes scores in the attorney, personal (M = −2.32) and judge"
"10.1007_BF01040446","4","string_result","post_result","ts to the present study, it seems from the direction and magnitude of the change scores that during a"
