"doi","exemplar","type","key","value"
"10.1007_BF01040448","1","length","total_length","22519"
"10.1007_BF01040448","1","p_values","locations_p.start","12644"
"10.1007_BF01040448","1","p_values","locations_p.end","12651"
"10.1007_BF01040448","1","p_values","result","p<.01"
"10.1007_BF01040448","1","p_values","comparison","<"
"10.1007_BF01040448","1","p_values","value",".01"
"10.1007_BF01040448","1","string_hypothesi","locations_hypothesi.start","9429"
"10.1007_BF01040448","2","string_hypothesi","locations_hypothesi.start","11790"
"10.1007_BF01040448","1","string_hypothesi","locations_hypothesi.end","9437"
"10.1007_BF01040448","2","string_hypothesi","locations_hypothesi.end","11798"
"10.1007_BF01040448","1","string_hypothesi","pre_hypothesi","eir services, and the situation in which they are requested to do an analysis. In order to test the h"
"10.1007_BF01040448","2","string_hypothesi","pre_hypothesi","rent suspects and the comparative questioned hair material (Method 2).

RESULTS  


The test of the h"
"10.1007_BF01040448","1","string_hypothesi","post_hypothesi","is, it was necessary to design an examination experiment with human hair examiners and provide a fore"
"10.1007_BF01040448","2","string_hypothesi","post_hypothesi","is that two proportions are equal were conducted on the data. Table 1 depicts the cross-tabulation of"
"10.1007_BF01040448","1","string_theor","locations_theor.start","1925"
"10.1007_BF01040448","1","string_theor","locations_theor.end","1929"
"10.1007_BF01040448","1","string_theor","pre_theor","c.), and hair. These forms of evidence are considered circumstantial and are based upon probability t"
"10.1007_BF01040448","1","string_theor","post_theor","ry (Moenssens, Inbau, &amp; Starrs, 1986). Probability standards for fingerprints and serology have b"
"10.1007_BF01040448","1","string_account","locations_account.start","2124"
"10.1007_BF01040448","2","string_account","locations_account.start","5341"
"10.1007_BF01040448","1","string_account","locations_account.end","2130"
"10.1007_BF01040448","2","string_account","locations_account.end","5347"
"10.1007_BF01040448","1","string_account","pre_account","have been established and are recognized by the courts (Curran &amp; Shapiro, 1982). Such standards a"
"10.1007_BF01040448","2","string_account","pre_account","stances leading to the arrest of a suspect. In some cases, the synopsis may even include eyewitness a"
"10.1007_BF01040448","1","string_account","post_account","t for the presence or absence of particular characteristics or “points” of comparison between known a"
"10.1007_BF01040448","2","string_account","post_account","ts, other forms of physical evidence collected in the case, and admissions or confessions made by the"
"10.1007_BF01040448","1","string_data","locations_data.start","11854"
"10.1007_BF01040448","2","string_data","locations_data.start","12002"
"10.1007_BF01040448","3","string_data","locations_data.start","13767"
"10.1007_BF01040448","1","string_data","locations_data.end","11857"
"10.1007_BF01040448","2","string_data","locations_data.end","12005"
"10.1007_BF01040448","3","string_data","locations_data.end","13770"
"10.1007_BF01040448","1","string_data","pre_data","od 2).

RESULTS  


The test of the hypothesis that two proportions are equal were conducted on the d"
"10.1007_BF01040448","2","string_data","pre_data","e hair examiners’ opinions/conclusions of the 56 cases by the method of evidence submission. As the d"
"10.1007_BF01040448","3","string_data","pre_data","ed from the same individual may influence the examiner’s opinion when the samples are similar.

The d"
"10.1007_BF01040448","1","string_data","post_data","a. Table 1 depicts the cross-tabulation of the hair examiners’ opinions/conclusions of the 56 cases b"
"10.1007_BF01040448","2","string_data","post_data","a illustrate, over 16% of the opinions expressed by the examiners were incorrect. The incorrect concl"
"10.1007_BF01040448","3","string_data","post_data","a in the present study indicate that the method by which hair evidence is submitted for analysis may "
"10.1007_BF01040448","1","string_finding","locations_finding.start","12523"
"10.1007_BF01040448","2","string_finding","locations_finding.start","13227"
"10.1007_BF01040448","3","string_finding","locations_finding.start","14602"
"10.1007_BF01040448","1","string_finding","locations_finding.end","12529"
"10.1007_BF01040448","2","string_finding","locations_finding.end","13233"
"10.1007_BF01040448","3","string_finding","locations_finding.end","14608"
"10.1007_BF01040448","1","string_finding","pre_finding"," similar known samples (Method 2). Although a majority of the conclusions were correct (83.7%), the f"
"10.1007_BF01040448","2","string_finding","pre_finding","noted that all seven inconclusive cases were from Method 2 (line-up procedure).

DISCUSSION  


The f"
"10.1007_BF01040448","3","string_finding","pre_finding","clusive opinions were expressed using the traditional method of hair analysis in this study.

Other f"
"10.1007_BF01040448","1","string_finding","post_finding","gs showed a significant difference as a function of the method by which examiners analyze hair eviden"
"10.1007_BF01040448","2","string_finding","post_finding","gs of the present study raise some concern regarding the amount of unintentional bias among human hai"
"10.1007_BF01040448","3","string_finding","post_finding","gs that parallel the present study are found in eyewitness identification research. These research st"
"10.1007_BF01040448","1","string_result","locations_result.start","15162"
"10.1007_BF01040448","1","string_result","locations_result.end","15167"
"10.1007_BF01040448","1","string_result","pre_result","ifford &amp; Hollin, 1981). Preconceived opinions and unintentional victim bias and assumptions may r"
"10.1007_BF01040448","1","string_result","post_result","t in erroneous identification, particularly when only one suspect is viewed by victims (Loftus, 1979;"
