"doi","exemplar","type","key","value"
"10.1007_BF01044384","1","length","total_length","60889"
"10.1007_BF01044384","1","p_values","locations_p.start","18159"
"10.1007_BF01044384","2","p_values","locations_p.start","18280"
"10.1007_BF01044384","3","p_values","locations_p.start","18462"
"10.1007_BF01044384","4","p_values","locations_p.start","18765"
"10.1007_BF01044384","5","p_values","locations_p.start","18871"
"10.1007_BF01044384","6","p_values","locations_p.start","21573"
"10.1007_BF01044384","7","p_values","locations_p.start","22579"
"10.1007_BF01044384","8","p_values","locations_p.start","22722"
"10.1007_BF01044384","9","p_values","locations_p.start","30058"
"10.1007_BF01044384","10","p_values","locations_p.start","30450"
"10.1007_BF01044384","11","p_values","locations_p.start","30911"
"10.1007_BF01044384","12","p_values","locations_p.start","31860"
"10.1007_BF01044384","13","p_values","locations_p.start","32701"
"10.1007_BF01044384","14","p_values","locations_p.start","33560"
"10.1007_BF01044384","15","p_values","locations_p.start","34875"
"10.1007_BF01044384","1","p_values","locations_p.end","18169"
"10.1007_BF01044384","2","p_values","locations_p.end","18288"
"10.1007_BF01044384","3","p_values","locations_p.end","18470"
"10.1007_BF01044384","4","p_values","locations_p.end","18773"
"10.1007_BF01044384","5","p_values","locations_p.end","18880"
"10.1007_BF01044384","6","p_values","locations_p.end","21583"
"10.1007_BF01044384","7","p_values","locations_p.end","22587"
"10.1007_BF01044384","8","p_values","locations_p.end","22732"
"10.1007_BF01044384","9","p_values","locations_p.end","30066"
"10.1007_BF01044384","10","p_values","locations_p.end","30458"
"10.1007_BF01044384","11","p_values","locations_p.end","30919"
"10.1007_BF01044384","12","p_values","locations_p.end","31870"
"10.1007_BF01044384","13","p_values","locations_p.end","32709"
"10.1007_BF01044384","14","p_values","locations_p.end","33570"
"10.1007_BF01044384","15","p_values","locations_p.end","34883"
"10.1007_BF01044384","1","p_values","result","p<0.0001"
"10.1007_BF01044384","2","p_values","result","p<0.15"
"10.1007_BF01044384","3","p_values","result","p<0.01"
"10.1007_BF01044384","4","p_values","result","p<0.03"
"10.1007_BF01044384","5","p_values","result","p<0.001"
"10.1007_BF01044384","6","p_values","result","p<0.0001"
"10.1007_BF01044384","7","p_values","result","p<0.06"
"10.1007_BF01044384","8","p_values","result","p<0.0002"
"10.1007_BF01044384","9","p_values","result","p<0.01"
"10.1007_BF01044384","10","p_values","result","p<0.08"
"10.1007_BF01044384","11","p_values","result","p<0.09"
"10.1007_BF01044384","12","p_values","result","p<0.0005"
"10.1007_BF01044384","13","p_values","result","p<0.08"
"10.1007_BF01044384","14","p_values","result","p<0.0001"
"10.1007_BF01044384","15","p_values","result","p<0.01"
"10.1007_BF01044384","1","p_values","comparison","<"
"10.1007_BF01044384","2","p_values","comparison","<"
"10.1007_BF01044384","3","p_values","comparison","<"
"10.1007_BF01044384","4","p_values","comparison","<"
"10.1007_BF01044384","5","p_values","comparison","<"
"10.1007_BF01044384","6","p_values","comparison","<"
"10.1007_BF01044384","7","p_values","comparison","<"
"10.1007_BF01044384","8","p_values","comparison","<"
"10.1007_BF01044384","9","p_values","comparison","<"
"10.1007_BF01044384","10","p_values","comparison","<"
"10.1007_BF01044384","11","p_values","comparison","<"
"10.1007_BF01044384","12","p_values","comparison","<"
"10.1007_BF01044384","13","p_values","comparison","<"
"10.1007_BF01044384","14","p_values","comparison","<"
"10.1007_BF01044384","15","p_values","comparison","<"
"10.1007_BF01044384","1","p_values","value","0.0001"
"10.1007_BF01044384","2","p_values","value","0.15"
"10.1007_BF01044384","3","p_values","value","0.01"
"10.1007_BF01044384","4","p_values","value","0.03"
"10.1007_BF01044384","5","p_values","value","0.001"
"10.1007_BF01044384","6","p_values","value","0.0001"
"10.1007_BF01044384","7","p_values","value","0.06"
"10.1007_BF01044384","8","p_values","value","0.0002"
"10.1007_BF01044384","9","p_values","value","0.01"
"10.1007_BF01044384","10","p_values","value","0.08"
"10.1007_BF01044384","11","p_values","value","0.09"
"10.1007_BF01044384","12","p_values","value","0.0005"
"10.1007_BF01044384","13","p_values","value","0.08"
"10.1007_BF01044384","14","p_values","value","0.0001"
"10.1007_BF01044384","15","p_values","value","0.01"
"10.1007_BF01044384","1","string_hypothesi","locations_hypothesi.start","10443"
"10.1007_BF01044384","2","string_hypothesi","locations_hypothesi.start","13631"
"10.1007_BF01044384","3","string_hypothesi","locations_hypothesi.start","20880"
"10.1007_BF01044384","1","string_hypothesi","locations_hypothesi.end","10451"
"10.1007_BF01044384","2","string_hypothesi","locations_hypothesi.end","13639"
"10.1007_BF01044384","3","string_hypothesi","locations_hypothesi.end","20888"
"10.1007_BF01044384","1","string_hypothesi","pre_hypothesi","uthoritarianism, punitiveness, belief in a just world, and acceptance of due process guarantees, we h"
"10.1007_BF01044384","2","string_hypothesi","pre_hypothesi","he death penalty and his or her attitude toward aggravating and mitigating circumstances. Our major h"
"10.1007_BF01044384","3","string_hypothesi","pre_hypothesi","etermining punishment. It is the relative strength of those beliefs that are of concern.

The major h"
"10.1007_BF01044384","1","string_hypothesi","post_hypothesi","ized that they might also differ in their reactions to aggravating and mitigating circumstances in a "
"10.1007_BF01044384","2","string_hypothesi","post_hypothesi","is was that as people’s support for the death penalty increased, they would also be more receptive to"
"10.1007_BF01044384","3","string_hypothesi","post_hypothesi","is was that as opposition to the death penalty increased, subjects would demonstrate decreased accept"
"10.1007_BF01044384","1","string_account","locations_account.start","20768"
"10.1007_BF01044384","2","string_account","locations_account.start","32494"
"10.1007_BF01044384","3","string_account","locations_account.start","44288"
"10.1007_BF01044384","4","string_account","locations_account.start","46946"
"10.1007_BF01044384","5","string_account","locations_account.start","55359"
"10.1007_BF01044384","1","string_account","locations_account.end","20774"
"10.1007_BF01044384","2","string_account","locations_account.end","32500"
"10.1007_BF01044384","3","string_account","locations_account.end","44294"
"10.1007_BF01044384","4","string_account","locations_account.end","46952"
"10.1007_BF01044384","5","string_account","locations_account.end","55365"
"10.1007_BF01044384","1","string_account","pre_account","se, while at the same time believe that the emotional stress a person is under should be taken into a"
"10.1007_BF01044384","2","string_account","pre_account"," 2, however, does demonstrate that the significant ANOVA for mitigating circumstances was primarily a"
"10.1007_BF01044384","3","string_account","pre_account","ravating circumstances are sufficiently substantial to call for the death penalty, then taking into a"
"10.1007_BF01044384","4","string_account","pre_account","nse). One of the jurors strongly believes that such mental or emotional stress should be taken into a"
"10.1007_BF01044384","5","string_account","pre_account","tion process. Harvard Law Review, 84, 567–611.

Kadane, J. B. (1984). After Hovey: A note on taking a"
"10.1007_BF01044384","1","string_account","post_account","t in determining punishment. It is the relative strength of those beliefs that are of concern.

The m"
"10.1007_BF01044384","2","string_account","post_account","ted for by those who strongly supported the death penalty rather than those who strongly opposed it. "
"10.1007_BF01044384","3","string_account","post_account","t any mitigating circumstances that were found to exist, are the aggravating circumstances still suff"
"10.1007_BF01044384","4","string_account","post_account","t in determining the penalty; the other only slightly believes so. This is precisely the decision lef"
"10.1007_BF01044384","5","string_account","post_account","t of the Automatic Death Penalty jurors. Law and Human Behavior, 8, 115–120.

Lerner, M. J. (1980). T"
"10.1007_BF01044384","1","string_data","locations_data.start","16377"
"10.1007_BF01044384","2","string_data","locations_data.start","17206"
"10.1007_BF01044384","3","string_data","locations_data.start","17524"
"10.1007_BF01044384","4","string_data","locations_data.start","38873"
"10.1007_BF01044384","5","string_data","locations_data.start","39911"
"10.1007_BF01044384","6","string_data","locations_data.start","40555"
"10.1007_BF01044384","7","string_data","locations_data.start","48036"
"10.1007_BF01044384","8","string_data","locations_data.start","54681"
"10.1007_BF01044384","9","string_data","locations_data.start","55190"
"10.1007_BF01044384","1","string_data","locations_data.end","16380"
"10.1007_BF01044384","2","string_data","locations_data.end","17209"
"10.1007_BF01044384","3","string_data","locations_data.end","17527"
"10.1007_BF01044384","4","string_data","locations_data.end","38876"
"10.1007_BF01044384","5","string_data","locations_data.end","39914"
"10.1007_BF01044384","6","string_data","locations_data.end","40558"
"10.1007_BF01044384","7","string_data","locations_data.end","48039"
"10.1007_BF01044384","8","string_data","locations_data.end","54684"
"10.1007_BF01044384","9","string_data","locations_data.end","55193"
"10.1007_BF01044384","1","string_data","pre_data","ted, 10 representing aggravating circumstances and 10 representing mitigating circumstances. During d"
"10.1007_BF01044384","2","string_data","pre_data","nteers were solicited in the jury room for the study. Cooperation was high, although we do not have d"
"10.1007_BF01044384","3","string_data","pre_data","ward the death penalty, and finally answered the aggravating and mitigating circumstance items. The d"
"10.1007_BF01044384","4","string_data","pre_data","that the defendant was suffering from emotional stress or disturbance at the time of the crime. The d"
"10.1007_BF01044384","5","string_data","pre_data","ith what Packer (1968) calls a crime control orientation than with a due process orientation. Their d"
"10.1007_BF01044384","6","string_data","pre_data","nviction-proneness. (See Bersoff &amp; Ogden, 1985, for a recent and legally oriented review.)

Our d"
"10.1007_BF01044384","7","string_data","pre_data","al significance to our results?

We do feel our findings have broad legal implications. The present d"
"10.1007_BF01044384","8","string_data","pre_data"," (1970). Toward expansion of Witherspoon: Capital scruples, jury bias, and the use of psychological d"
"10.1007_BF01044384","9","string_data","pre_data","w Review, 58, 1176–1220.

Hovey v. Superior Court, 616 Pac. 2d, 1301 (1980).

Jurow, G. (1970). New d"
"10.1007_BF01044384","1","string_data","post_data","a analysis, however, we realized that one of the aggravating items, “A mass murderer should be execut"
"10.1007_BF01044384","2","string_data","post_data","a as to the percentage of available jurors who participated. A booklet containing the stimulus materi"
"10.1007_BF01044384","3","string_data","post_data","a were gathered over a period of a few weeks.

#### Results

The 325 jurors were distributed across t"
"10.1007_BF01044384","4","string_data","post_data","a from the present studies show that death-scrupled jurors and death-qualified jurors differ substant"
"10.1007_BF01044384","5","string_data","post_data","a bore strong testimony to the differing orientations of death-qualified versus death-scrupled jurors"
"10.1007_BF01044384","6","string_data","post_data","a would seem to reinforce and expand the findings of Fitzgerald and Ellsworth (1984) by demonstrating"
"10.1007_BF01044384","7","string_data","post_data","a mesh with and expand previous findings to further demonstrate the pervasive biasing effect that the"
"10.1007_BF01044384","8","string_data","post_data","a to raise presumptions in the law. Harvard Civil Rights—Civil Library Law Review, 5, 53–69.

Haney, "
"10.1007_BF01044384","9","string_data","post_data","a on the effect of a “death-qualified” jury in the guilt determination process. Harvard Law Review, 8"
"10.1007_BF01044384","1","string_finding","locations_finding.start","3483"
"10.1007_BF01044384","2","string_finding","locations_finding.start","23819"
"10.1007_BF01044384","3","string_finding","locations_finding.start","32169"
"10.1007_BF01044384","4","string_finding","locations_finding.start","40599"
"10.1007_BF01044384","5","string_finding","locations_finding.start","40954"
"10.1007_BF01044384","6","string_finding","locations_finding.start","42419"
"10.1007_BF01044384","7","string_finding","locations_finding.start","47984"
"10.1007_BF01044384","8","string_finding","locations_finding.start","48071"
"10.1007_BF01044384","1","string_finding","locations_finding.end","3489"
"10.1007_BF01044384","2","string_finding","locations_finding.end","23825"
"10.1007_BF01044384","3","string_finding","locations_finding.end","32175"
"10.1007_BF01044384","4","string_finding","locations_finding.end","40605"
"10.1007_BF01044384","5","string_finding","locations_finding.end","40960"
"10.1007_BF01044384","6","string_finding","locations_finding.end","42425"
"10.1007_BF01044384","7","string_finding","locations_finding.end","47990"
"10.1007_BF01044384","8","string_finding","locations_finding.end","48077"
"10.1007_BF01044384","1","string_finding","pre_finding","rs (e.g., Goldberg, 1970; Bronson, 1970; Jurow, 1971; Cowan, Thompson, &amp; Ellsworth, 1984) whose f"
"10.1007_BF01044384","2","string_finding","pre_finding","rcumstances and that points toward a more merciful sentence.

From a psychological standpoint these f"
"10.1007_BF01044384","3","string_finding","pre_finding","prior trouble), #8 (Thirteen-year old), #9 (Emotional disturbance), and #10 (Good qualities). These f"
"10.1007_BF01044384","4","string_finding","pre_finding",", 1985, for a recent and legally oriented review.)

Our data would seem to reinforce and expand the f"
"10.1007_BF01044384","5","string_finding","pre_finding","ggravating and mitigating circumstances that are likely to be present in a capital trial. Thus, the f"
"10.1007_BF01044384","6","string_finding","pre_finding","ew is supported by that of Thompson, Cowan, Ellsworth, and Harrington (1984). They state that their f"
"10.1007_BF01044384","7","string_finding","pre_finding","ting circumstances? In other words, is there any legal significance to our results?

We do feel our f"
"10.1007_BF01044384","8","string_finding","pre_finding"," do feel our findings have broad legal implications. The present data mesh with and expand previous f"
"10.1007_BF01044384","1","string_finding","post_finding","gs have strongly suggested that death-qualified jurors are more conviction prone than are non-death-q"
"10.1007_BF01044384","2","string_finding","post_finding","gs are intriguing and deserve replication. From a legal standpoint they are also interesting, but the"
"10.1007_BF01044384","3","string_finding","post_finding","gs are consistent with those of Study 1 in that decreased support for the death penalty was mildly re"
"10.1007_BF01044384","4","string_finding","post_finding","gs of Fitzgerald and Ellsworth (1984) by demonstrating that death-qualified jurors not only have hars"
"10.1007_BF01044384","5","string_finding","post_finding","g that death-qualified jurors express stronger agreement with some aggravating circumstances and weak"
"10.1007_BF01044384","6","string_finding","post_finding","gs “…suggest that the greater conviction-proneness of jurors who favor the death penalty is due, at l"
"10.1007_BF01044384","7","string_finding","post_finding","gs have broad legal implications. The present data mesh with and expand previous findings to further "
"10.1007_BF01044384","8","string_finding","post_finding","gs to further demonstrate the pervasive biasing effect that the death penalty exerts on juries. For e"
"10.1007_BF01044384","1","string_result","locations_result.start","7121"
"10.1007_BF01044384","2","string_result","locations_result.start","7947"
"10.1007_BF01044384","3","string_result","locations_result.start","19256"
"10.1007_BF01044384","4","string_result","locations_result.start","21817"
"10.1007_BF01044384","5","string_result","locations_result.start","22331"
"10.1007_BF01044384","6","string_result","locations_result.start","23105"
"10.1007_BF01044384","7","string_result","locations_result.start","23377"
"10.1007_BF01044384","8","string_result","locations_result.start","24198"
"10.1007_BF01044384","9","string_result","locations_result.start","26447"
"10.1007_BF01044384","10","string_result","locations_result.start","39333"
"10.1007_BF01044384","11","string_result","locations_result.start","41320"
"10.1007_BF01044384","12","string_result","locations_result.start","42051"
"10.1007_BF01044384","13","string_result","locations_result.start","47959"
"10.1007_BF01044384","14","string_result","locations_result.start","48471"
"10.1007_BF01044384","15","string_result","locations_result.start","49865"
"10.1007_BF01044384","1","string_result","locations_result.end","7126"
"10.1007_BF01044384","2","string_result","locations_result.end","7952"
"10.1007_BF01044384","3","string_result","locations_result.end","19261"
"10.1007_BF01044384","4","string_result","locations_result.end","21822"
"10.1007_BF01044384","5","string_result","locations_result.end","22336"
"10.1007_BF01044384","6","string_result","locations_result.end","23110"
"10.1007_BF01044384","7","string_result","locations_result.end","23382"
"10.1007_BF01044384","8","string_result","locations_result.end","24203"
"10.1007_BF01044384","9","string_result","locations_result.end","26452"
"10.1007_BF01044384","10","string_result","locations_result.end","39338"
"10.1007_BF01044384","11","string_result","locations_result.end","41325"
"10.1007_BF01044384","12","string_result","locations_result.end","42056"
"10.1007_BF01044384","13","string_result","locations_result.end","47964"
"10.1007_BF01044384","14","string_result","locations_result.end","48476"
"10.1007_BF01044384","15","string_result","locations_result.end","49870"
"10.1007_BF01044384","1","string_result","pre_result","values.

We would argue that capital juries substantially depart from the ideal of neutrality. As a r"
"10.1007_BF01044384","2","string_result","pre_result","lty as a possible punishment. Failure to exclude death-scrupled jurors from the penalty phase would r"
"10.1007_BF01044384","3","string_result","pre_result","raduates, did not differ from either group (mean = 2.59). Other investigators have reported similar r"
"10.1007_BF01044384","4","string_result","pre_result","st-squares means analyses showed a significant effect on seven out of the ten individual items. The r"
"10.1007_BF01044384","5","string_result","pre_result","omparing only those jurors strongly opposed to the death penalty with all the remaining jurors. The r"
"10.1007_BF01044384","6","string_result","pre_result","ce), and #10 (Good qualities). (See Appendix A for the wording of the items.)

#### Discussion

The r"
"10.1007_BF01044384","7","string_result","pre_result","the death penalty and acceptance of aggravating circumstances. One possible interpretation of these r"
"10.1007_BF01044384","8","string_result","pre_result","esigned to replicate Study 1 and also to increase the “ecological validity” (Brunswik, 1956) of the r"
"10.1007_BF01044384","9","string_result","pre_result","fs in terms that were both psychologically relevant and legally applicable. We wanted to see if the r"
"10.1007_BF01044384","10","string_result","pre_result","ance of the mitigating circumstance. The jury will thus be biased toward a penalty of death.

These r"
"10.1007_BF01044384","11","string_result","pre_result","l difference between those support versus those who strongly oppose the death penalty.

The present r"
"10.1007_BF01044384","12","string_result","pre_result","rising from the evidence that they deem to have mitigating value (again, as in North Carolina). Our r"
"10.1007_BF01044384","13","string_result","pre_result","of aggravating and mitigating circumstances? In other words, is there any legal significance to our r"
"10.1007_BF01044384","14","string_result","pre_result","have demonstrated that death-qualified jurors are more disposed to convict a defendant. The present r"
"10.1007_BF01044384","15","string_result","pre_result","ilt or innocence, and the final judgment of whether the defendant lives or dies—death qualification r"
"10.1007_BF01044384","1","string_result","post_result","t of the use of cause and peremptory challengs to systematically exclude jurors who oppose the death "
"10.1007_BF01044384","2","string_result","post_result","t in entirely capricious penalties, with some defendants not receiving the death penalty merely becau"
"10.1007_BF01044384","3","string_result","post_result","ts, especially with respect to sex and race effects (e.g., Fitzgerald &amp; Ellsworth, 1984; Harris, "
"10.1007_BF01044384","4","string_result","post_result","ts thus indicated a strong relationship between opposition to the death penalty and one’s considerati"
"10.1007_BF01044384","5","string_result","post_result","ts were very similar. There was no significant effect on the overall AGG scale, nor significant diffe"
"10.1007_BF01044384","6","string_result","post_result","ts showed a strong relationship between level of belief in the death penalty and acceptance of mitiga"
"10.1007_BF01044384","7","string_result","post_result","ts is that while most people can understand and accept that there are some circumstances that make a "
"10.1007_BF01044384","8","string_result","post_result","ts by using procedures that reflected the actual jury selection criteria employed in a capital trial."
"10.1007_BF01044384","9","string_result","post_result","ts of Study 1 would replicate when we compared those jurors who would actually be excluded in a capit"
"10.1007_BF01044384","10","string_result","post_result","ts expand our psychological understanding of the relationship between attitudes toward the death pena"
"10.1007_BF01044384","11","string_result","post_result","ts suggest another potential bias in the acceptance of aggravating and mitigating circumstances for d"
"10.1007_BF01044384","12","string_result","post_result","ts make us question how receptive death-qualified jurors would be to such nonstatutory mitigating cir"
"10.1007_BF01044384","13","string_result","post_result","ts?

We do feel our findings have broad legal implications. The present data mesh with and expand pre"
"10.1007_BF01044384","14","string_result","post_result","ts point to an additional biasing effect of death qualification, namely, that the death-qualified jur"
"10.1007_BF01044384","15","string_result","post_result","ts in bias against the capital defendant of a nature that occurs for no other criminal defendant. Is "
