"doi","exemplar","type","key","value"
"10.1007_BF01044377","1","length","total_length","29814"
"10.1007_BF01044377","1","p_values","locations_p.start","7686"
"10.1007_BF01044377","2","p_values","locations_p.start","8308"
"10.1007_BF01044377","3","p_values","locations_p.start","9557"
"10.1007_BF01044377","4","p_values","locations_p.start","13240"
"10.1007_BF01044377","5","p_values","locations_p.start","13436"
"10.1007_BF01044377","6","p_values","locations_p.start","13633"
"10.1007_BF01044377","7","p_values","locations_p.start","13843"
"10.1007_BF01044377","8","p_values","locations_p.start","16327"
"10.1007_BF01044377","1","p_values","locations_p.end","7694"
"10.1007_BF01044377","2","p_values","locations_p.end","8315"
"10.1007_BF01044377","3","p_values","locations_p.end","9564"
"10.1007_BF01044377","4","p_values","locations_p.end","13247"
"10.1007_BF01044377","5","p_values","locations_p.end","13443"
"10.1007_BF01044377","6","p_values","locations_p.end","13640"
"10.1007_BF01044377","7","p_values","locations_p.end","13850"
"10.1007_BF01044377","8","p_values","locations_p.end","16335"
"10.1007_BF01044377","1","p_values","result","p<.001"
"10.1007_BF01044377","2","p_values","result","p<.01"
"10.1007_BF01044377","3","p_values","result","p<.01"
"10.1007_BF01044377","4","p_values","result","p<.05"
"10.1007_BF01044377","5","p_values","result","p<.05"
"10.1007_BF01044377","6","p_values","result","p<.05"
"10.1007_BF01044377","7","p_values","result","p>.10"
"10.1007_BF01044377","8","p_values","result","p<.001"
"10.1007_BF01044377","1","p_values","comparison","<"
"10.1007_BF01044377","2","p_values","comparison","<"
"10.1007_BF01044377","3","p_values","comparison","<"
"10.1007_BF01044377","4","p_values","comparison","<"
"10.1007_BF01044377","5","p_values","comparison","<"
"10.1007_BF01044377","6","p_values","comparison","<"
"10.1007_BF01044377","7","p_values","comparison",">"
"10.1007_BF01044377","8","p_values","comparison","<"
"10.1007_BF01044377","1","p_values","value",".001"
"10.1007_BF01044377","2","p_values","value",".01"
"10.1007_BF01044377","3","p_values","value",".01"
"10.1007_BF01044377","4","p_values","value",".05"
"10.1007_BF01044377","5","p_values","value",".05"
"10.1007_BF01044377","6","p_values","value",".05"
"10.1007_BF01044377","7","p_values","value",".10"
"10.1007_BF01044377","8","p_values","value",".001"
"10.1007_BF01044377","1","string_theor","locations_theor.start","18822"
"10.1007_BF01044377","1","string_theor","locations_theor.end","18826"
"10.1007_BF01044377","1","string_theor","pre_theor","c optimism of their expectations for their own lives. 

The finding with the greatest practical and t"
"10.1007_BF01044377","1","string_theor","post_theor","retical import is the discrepancy between the respondents’ relatively accurate perceptions of the lik"
"10.1007_BF01044377","1","string_account","locations_account.start","7583"
"10.1007_BF01044377","1","string_account","locations_account.end","7589"
"10.1007_BF01044377","1","string_account","pre_account","ed that when deciding the amount of an alimony award, the court is required by statute to take into a"
"10.1007_BF01044377","1","string_account","post_account","t the nonmonetary contributions of each spouse to the well-being of the family, F(1,128) = 13.56, p <"
"10.1007_BF01044377","1","string_data","locations_data.start","1924"
"10.1007_BF01044377","2","string_data","locations_data.start","17121"
"10.1007_BF01044377","3","string_data","locations_data.start","23017"
"10.1007_BF01044377","1","string_data","locations_data.end","1927"
"10.1007_BF01044377","2","string_data","locations_data.end","17124"
"10.1007_BF01044377","3","string_data","locations_data.end","23020"
"10.1007_BF01044377","1","string_data","pre_data"," valuable assistance at all stages of this research, Dana Richens and Elizabeth Scott for help with d"
"10.1007_BF01044377","2","string_data","pre_data","-tbl2a.gif)Law Students’ Perceptions of the Frequency and Effects of Divorce

As Table 3 shows, the d"
"10.1007_BF01044377","3","string_data","pre_data","to minimize the demoralization costs attending divorce might take other paths, however. Because our d"
"10.1007_BF01044377","1","string_data","post_data","a collection, and John Monahan for advice on survey design. We are grateful to Mary Becker, Bo Burt, "
"10.1007_BF01044377","2","string_data","post_data","a reveal substantially less effect of the family law course on the students’ answers to questions con"
"10.1007_BF01044377","3","string_data","post_data","a suggest that the statutory “default rules” governing divorce will continue to matter greatly, those"
"10.1007_BF01044377","1","string_finding","locations_finding.start","9798"
"10.1007_BF01044377","2","string_finding","locations_finding.start","14039"
"10.1007_BF01044377","3","string_finding","locations_finding.start","18030"
"10.1007_BF01044377","4","string_finding","locations_finding.start","18782"
"10.1007_BF01044377","1","string_finding","locations_finding.end","9804"
"10.1007_BF01044377","2","string_finding","locations_finding.end","14045"
"10.1007_BF01044377","3","string_finding","locations_finding.end","18036"
"10.1007_BF01044377","4","string_finding","locations_finding.end","18788"
"10.1007_BF01044377","1","string_finding","pre_finding","had been divorced and those whose parents remained married, but there was no clear pattern to these f"
"10.1007_BF01044377","2","string_finding","pre_finding","r to learn a new job skill and become self-supporting.

#### Discussion

Clearly, the most striking f"
"10.1007_BF01044377","3","string_finding","pre_finding","ourse in Family Law on the Responses of Law Students to Questions

GENERAL DISCUSSION  


Our major f"
"10.1007_BF01044377","4","string_finding","pre_finding","tatutes does not diminish the unrealistic optimism of their expectations for their own lives. 

The f"
"10.1007_BF01044377","1","string_finding","post_finding","gs.

**Respondents’ Expectations for Themselves**

Respondents’ predictions for the permanence of the"
"10.1007_BF01044377","2","string_finding","post_finding","g from the survey of marriage license applicants was the discrepancy between their relatively accurat"
"10.1007_BF01044377","3","string_finding","post_finding","gs are readily summarized. First, those who are about to be married have largely incorrect perception"
"10.1007_BF01044377","4","string_finding","post_finding","g with the greatest practical and theoretical import is the discrepancy between the respondents’ rela"
"10.1007_BF01044377","1","string_result","locations_result.start","22468"
"10.1007_BF01044377","1","string_result","locations_result.end","22473"
"10.1007_BF01044377","1","string_result","pre_result","t the longevity of their own marriage may increase their motivation and persistence to achieve this r"
"10.1007_BF01044377","1","string_result","post_result","t (cf.Hirschman, 1967; Taylor, 1989).

The pervasiveness and strength of the representativeness bias "
