"doi","exemplar","type","key","value"
"10.1007_BF01040445","1","length","total_length","53219"
"10.1007_BF01040445","1","p_values","locations_p.start","11983"
"10.1007_BF01040445","2","p_values","locations_p.start","23969"
"10.1007_BF01040445","3","p_values","locations_p.start","24112"
"10.1007_BF01040445","4","p_values","locations_p.start","24248"
"10.1007_BF01040445","5","p_values","locations_p.start","24497"
"10.1007_BF01040445","6","p_values","locations_p.start","24565"
"10.1007_BF01040445","7","p_values","locations_p.start","25079"
"10.1007_BF01040445","8","p_values","locations_p.start","25202"
"10.1007_BF01040445","1","p_values","locations_p.end","11990"
"10.1007_BF01040445","2","p_values","locations_p.end","23976"
"10.1007_BF01040445","3","p_values","locations_p.end","24119"
"10.1007_BF01040445","4","p_values","locations_p.end","24255"
"10.1007_BF01040445","5","p_values","locations_p.end","24504"
"10.1007_BF01040445","6","p_values","locations_p.end","24572"
"10.1007_BF01040445","7","p_values","locations_p.end","25086"
"10.1007_BF01040445","8","p_values","locations_p.end","25209"
"10.1007_BF01040445","1","p_values","result","p=.07"
"10.1007_BF01040445","2","p_values","result","p<.01"
"10.1007_BF01040445","3","p_values","result","p<.01"
"10.1007_BF01040445","4","p_values","result","p<.01"
"10.1007_BF01040445","5","p_values","result","p<.01"
"10.1007_BF01040445","6","p_values","result","p<.09"
"10.1007_BF01040445","7","p_values","result","p<.05"
"10.1007_BF01040445","8","p_values","result","p<.01"
"10.1007_BF01040445","1","p_values","comparison","="
"10.1007_BF01040445","2","p_values","comparison","<"
"10.1007_BF01040445","3","p_values","comparison","<"
"10.1007_BF01040445","4","p_values","comparison","<"
"10.1007_BF01040445","5","p_values","comparison","<"
"10.1007_BF01040445","6","p_values","comparison","<"
"10.1007_BF01040445","7","p_values","comparison","<"
"10.1007_BF01040445","8","p_values","comparison","<"
"10.1007_BF01040445","1","p_values","value",".07"
"10.1007_BF01040445","2","p_values","value",".01"
"10.1007_BF01040445","3","p_values","value",".01"
"10.1007_BF01040445","4","p_values","value",".01"
"10.1007_BF01040445","5","p_values","value",".01"
"10.1007_BF01040445","6","p_values","value",".09"
"10.1007_BF01040445","7","p_values","value",".05"
"10.1007_BF01040445","8","p_values","value",".01"
"10.1007_BF01040445","1","string_hypothesi","locations_hypothesi.start","35274"
"10.1007_BF01040445","1","string_hypothesi","locations_hypothesi.end","35282"
"10.1007_BF01040445","1","string_hypothesi","pre_hypothesi","dangerous in the future, and (3) being unlike other people.

But the data do not fully support this h"
"10.1007_BF01040445","1","string_hypothesi","post_hypothesi","ized model. Therefore, a new model (see Figure 2) was constructed, based on the findings of the prese"
"10.1007_BF01040445","1","string_theor","locations_theor.start","34149"
"10.1007_BF01040445","2","string_theor","locations_theor.start","44308"
"10.1007_BF01040445","3","string_theor","locations_theor.start","51320"
"10.1007_BF01040445","1","string_theor","locations_theor.end","34153"
"10.1007_BF01040445","2","string_theor","locations_theor.end","44312"
"10.1007_BF01040445","3","string_theor","locations_theor.end","51324"
"10.1007_BF01040445","1","string_theor","pre_theor","e capital sentencing decision. The particulars of this model were derived from social psychological t"
"10.1007_BF01040445","2","string_theor","pre_theor"," “aggravating circumstances.” The remaining five can be viewed as extralegal circumstances that, in t"
"10.1007_BF01040445","3","string_theor","pre_theor","s, L., &amp; Lepper, M. (1979). Biased assimilation and attitude polarization; The effects of prior t"
"10.1007_BF01040445","1","string_theor","post_theor","ry, attorneys’ observations, and intuitive beliefs held by most people. Specifically, the model impli"
"10.1007_BF01040445","2","string_theor","post_theor","ry, should have no bearing on punishment.

2 These three were chosen because they represent a range o"
"10.1007_BF01040445","3","string_theor","post_theor","ries on subsequently considered evidence. Journal of Personality and Social Psychology, 37(11), 2098–"
"10.1007_BF01040445","1","string_account","locations_account.start","22641"
"10.1007_BF01040445","1","string_account","locations_account.end","22647"
"10.1007_BF01040445","1","string_account","pre_account","er.

Because of small cell sizes, no post-hoc tests were conducted to identify the differences that a"
"10.1007_BF01040445","1","string_account","post_account","t for the three-way interaction. However, visual inspection of the cell means (see Table 3) provides "
"10.1007_BF01040445","1","string_model","locations_model.start","34038"
"10.1007_BF01040445","2","string_model","locations_model.start","34104"
"10.1007_BF01040445","3","string_model","locations_model.start","34243"
"10.1007_BF01040445","4","string_model","locations_model.start","34785"
"10.1007_BF01040445","5","string_model","locations_model.start","34841"
"10.1007_BF01040445","6","string_model","locations_model.start","35287"
"10.1007_BF01040445","7","string_model","locations_model.start","35311"
"10.1007_BF01040445","8","string_model","locations_model.start","35405"
"10.1007_BF01040445","9","string_model","locations_model.start","35636"
"10.1007_BF01040445","10","string_model","locations_model.start","37184"
"10.1007_BF01040445","11","string_model","locations_model.start","37241"
"10.1007_BF01040445","12","string_model","locations_model.start","38318"
"10.1007_BF01040445","13","string_model","locations_model.start","41224"
"10.1007_BF01040445","14","string_model","locations_model.start","44189"
"10.1007_BF01040445","15","string_model","locations_model.start","45718"
"10.1007_BF01040445","16","string_model","locations_model.start","48518"
"10.1007_BF01040445","1","string_model","locations_model.end","34042"
"10.1007_BF01040445","2","string_model","locations_model.end","34108"
"10.1007_BF01040445","3","string_model","locations_model.end","34247"
"10.1007_BF01040445","4","string_model","locations_model.end","34789"
"10.1007_BF01040445","5","string_model","locations_model.end","34845"
"10.1007_BF01040445","6","string_model","locations_model.end","35291"
"10.1007_BF01040445","7","string_model","locations_model.end","35315"
"10.1007_BF01040445","8","string_model","locations_model.end","35409"
"10.1007_BF01040445","9","string_model","locations_model.end","35640"
"10.1007_BF01040445","10","string_model","locations_model.end","37188"
"10.1007_BF01040445","11","string_model","locations_model.end","37245"
"10.1007_BF01040445","12","string_model","locations_model.end","38322"
"10.1007_BF01040445","13","string_model","locations_model.end","41228"
"10.1007_BF01040445","14","string_model","locations_model.end","44193"
"10.1007_BF01040445","15","string_model","locations_model.end","45722"
"10.1007_BF01040445","16","string_model","locations_model.end","48522"
"10.1007_BF01040445","1","string_model","pre_model","gs about the death penalty.

#### A Model of Penalty Decision Making

Figure 1 presents a schematic m"
"10.1007_BF01040445","2","string_model","pre_model","ng

Figure 1 presents a schematic model of the capital sentencing decision. The particulars of this m"
"10.1007_BF01040445","3","string_model","pre_model","gical theory, attorneys’ observations, and intuitive beliefs held by most people. Specifically, the m"
"10.1007_BF01040445","4","string_model","pre_model","ges/509a1f30241400edf2bcaff7a8142ed9/571c708a/pdh/lhb/lhb-11-2-113-fig1a.gif)Figure 1. Hypothesized m"
"10.1007_BF01040445","5","string_model","pre_model","b-11-2-113-fig1a.gif)Figure 1. Hypothesized model of capital sentencing decision.

According to the m"
"10.1007_BF01040445","6","string_model","pre_model","the future, and (3) being unlike other people.

But the data do not fully support this hypothesized m"
"10.1007_BF01040445","7","string_model","pre_model","g unlike other people.

But the data do not fully support this hypothesized model. Therefore, a new m"
"10.1007_BF01040445","8","string_model","pre_model","a new model (see Figure 2) was constructed, based on the findings of the present study. This second m"
"10.1007_BF01040445","9","string_model","pre_model","a32a2036c62a54031a25a60e0ffef/571c708a/pdh/lhb/lhb-11-2-113-fig2a.gif)Figure 2. Empirically derived m"
"10.1007_BF01040445","10","string_model","pre_model","variable—the juror’s previously held opinion about capital punishment.

In this empirically derived m"
"10.1007_BF01040445","11","string_model","pre_model","l punishment.

In this empirically derived model, the SIMILAR variable drops out of the core of the m"
"10.1007_BF01040445","12","string_model","pre_model","less important that he be similar in other realms (e.g., educational background).

According to the m"
"10.1007_BF01040445","13","string_model","pre_model","ons above and beyond that which is mediated through the person–perception variables included in the m"
"10.1007_BF01040445","14","string_model","pre_model","otes

1 Five of these variables (Nos. 2, 5, 6, 7, and 8) are listed in the American Law Institute’s m"
"10.1007_BF01040445","15","string_model","pre_model","the simulated trial materials is available from the author.

6 The prosecution’s final argument was m"
"10.1007_BF01040445","16","string_model","pre_model","ons conceptualized as “mediators” may, in fact, be made after the penalty decision. In terms of the m"
"10.1007_BF01040445","1","string_model","post_model","l of the capital sentencing decision. The particulars of this model were derived from social psycholo"
"10.1007_BF01040445","2","string_model","post_model","l were derived from social psychological theory, attorneys’ observations, and intuitive beliefs held "
"10.1007_BF01040445","3","string_model","post_model","l implies that the effects of “crime” and “defense strategy” on penalty decisions are mediated throug"
"10.1007_BF01040445","4","string_model","post_model","l of capital sentencing decision.

According to the model, each mediator is influenced by both the na"
"10.1007_BF01040445","5","string_model","post_model","l, each mediator is influenced by both the nature of the crime and the particular defense strategy us"
"10.1007_BF01040445","6","string_model","post_model","l. Therefore, a new model (see Figure 2) was constructed, based on the findings of the present study."
"10.1007_BF01040445","7","string_model","post_model","l (see Figure 2) was constructed, based on the findings of the present study. This second model diffe"
"10.1007_BF01040445","8","string_model","post_model","l differs from the first in several regards.  
  
![lhb-11-2-113-fig2a.gif](http://largecontent.ebsco"
"10.1007_BF01040445","9","string_model","post_model","l of capital sentencing decision.

A new variable, RELCOMP, has been added. RELCOMP is positively cor"
"10.1007_BF01040445","10","string_model","post_model","l, the SIMILAR variable drops out of the core of the model. Although SIMILAR is influenced by both CR"
"10.1007_BF01040445","11","string_model","post_model","l. Although SIMILAR is influenced by both CRIME and DEFENSE, it is unrelated to PENALTY. That is, the"
"10.1007_BF01040445","12","string_model","post_model","l, DANGER is not influenced by DEFENSE. The particular defense strategy used had no effect on jurors’"
"10.1007_BF01040445","13","string_model","post_model","l. (Indeed, we have already discussed such an effect when dealing with the efficacy of the Mental Ill"
"10.1007_BF01040445","14","string_model","post_model","l penal code as “aggravating circumstances.” The remaining five can be viewed as extralegal circumsta"
"10.1007_BF01040445","15","string_model","post_model","led after the argument presented in People v. Gallego, a recent multiple murder case in California. M"
"10.1007_BF01040445","16","string_model","post_model","l, this would put the “mediator” rectangles to the right of the PENALTY circle.

14 Recall that RELCO"
"10.1007_BF01040445","1","string_data","locations_data.start","11501"
"10.1007_BF01040445","2","string_data","locations_data.start","18905"
"10.1007_BF01040445","3","string_data","locations_data.start","19454"
"10.1007_BF01040445","4","string_data","locations_data.start","35243"
"10.1007_BF01040445","5","string_data","locations_data.start","43718"
"10.1007_BF01040445","6","string_data","locations_data.start","50815"
"10.1007_BF01040445","1","string_data","locations_data.end","11504"
"10.1007_BF01040445","2","string_data","locations_data.end","18908"
"10.1007_BF01040445","3","string_data","locations_data.end","19457"
"10.1007_BF01040445","4","string_data","locations_data.end","35246"
"10.1007_BF01040445","5","string_data","locations_data.end","43721"
"10.1007_BF01040445","6","string_data","locations_data.end","50818"
"10.1007_BF01040445","1","string_data","pre_data","istics: gender, age, ethnicity, family income, occupational status, and educational status. Similar d"
"10.1007_BF01040445","2","string_data","pre_data"," their demographic characteristics.

RESULTS  


This section presents the results of four separate d"
"10.1007_BF01040445","3","string_data","pre_data"," (exposed to Crime C) incorrectly stated that four, not three, murders had taken place. The juror’s d"
"10.1007_BF01040445","4","string_data","pre_data","f his own free will, (2) being dangerous in the future, and (3) being unlike other people.

But the d"
"10.1007_BF01040445","5","string_data","pre_data","tages, a complete picture of the decision-making process in capital penalty trials must be based on d"
"10.1007_BF01040445","6","string_data","pre_data","n process. Law and Human Behavior, 8(1/2), 121–132.

Loftus, E., &amp; Monahan, J. (1980). Trial by d"
"10.1007_BF01040445","1","string_data","post_data","a were obtained for those persons reporting for jury duty in the county in which the research was con"
"10.1007_BF01040445","2","string_data","post_data","a analyses: (1) an analysis of manipulation checks; (2) an analysis of the influence of “type of crim"
"10.1007_BF01040445","3","string_data","post_data","a were included in all analyses.

Jurors read six brief descriptions of possible prosecution argument"
"10.1007_BF01040445","4","string_data","post_data","a do not fully support this hypothesized model. Therefore, a new model (see Figure 2) was constructed"
"10.1007_BF01040445","5","string_data","post_data","a stemming from multiple research strategies. Ecologically valid methods (e.g., observational studies"
"10.1007_BF01040445","6","string_data","post_data","a: Psychological research as legal evidence. American Psychologist, 35(3), 270–283.

Logan, D. D. (19"
"10.1007_BF01040445","1","string_finding","locations_finding.start","23090"
"10.1007_BF01040445","2","string_finding","locations_finding.start","35362"
"10.1007_BF01040445","3","string_finding","locations_finding.start","40605"
"10.1007_BF01040445","4","string_finding","locations_finding.start","46801"
"10.1007_BF01040445","5","string_finding","locations_finding.start","48701"
"10.1007_BF01040445","1","string_finding","locations_finding.end","23096"
"10.1007_BF01040445","2","string_finding","locations_finding.end","35368"
"10.1007_BF01040445","3","string_finding","locations_finding.end","40611"
"10.1007_BF01040445","4","string_finding","locations_finding.end","46807"
"10.1007_BF01040445","5","string_finding","locations_finding.end","48707"
"10.1007_BF01040445","1","string_finding","pre_finding","by particular combinations of “crime” and “defense strategy.” Again, due to small cell sizes, these f"
"10.1007_BF01040445","2","string_finding","pre_finding","upport this hypothesized model. Therefore, a new model (see Figure 2) was constructed, based on the f"
"10.1007_BF01040445","3","string_finding","pre_finding","

The concept of volition and its importance to the penalty decision are further illustrated by the f"
"10.1007_BF01040445","4","string_finding","pre_finding","ual artifact. Most jurors were fairly certain about the appropriateness of their penalty decision—a f"
"10.1007_BF01040445","5","string_finding","pre_finding","

14 Recall that RELCOMP represents the relative competency of the two attorneys and is computed by f"
"10.1007_BF01040445","1","string_finding","post_finding","gs are merely suggestive.  
  
![lhb-11-2-113-tbl3a.gif](http://largecontent.ebsco-content.com/embima"
"10.1007_BF01040445","2","string_finding","post_finding","gs of the present study. This second model differs from the first in several regards.  
  
![lhb-11-2"
"10.1007_BF01040445","3","string_finding","post_finding","gs of the Stanford study discussed earlier. Recall that defendants who actively resisted arrest and w"
"10.1007_BF01040445","4","string_finding","post_finding","g easily predictable when one considers the human tendency toward self-justification (see Aronson, 19"
"10.1007_BF01040445","5","string_finding","post_finding","g the difference between each subject’s ratings of the opposing attorneys.

15 It is possible, of cou"
"10.1007_BF01040445","1","string_result","locations_result.start","11295"
"10.1007_BF01040445","2","string_result","locations_result.start","18880"
"10.1007_BF01040445","3","string_result","locations_result.start","25141"
"10.1007_BF01040445","4","string_result","locations_result.start","25421"
"10.1007_BF01040445","5","string_result","locations_result.start","28636"
"10.1007_BF01040445","6","string_result","locations_result.start","42719"
"10.1007_BF01040445","7","string_result","locations_result.start","45947"
"10.1007_BF01040445","1","string_result","locations_result.end","11300"
"10.1007_BF01040445","2","string_result","locations_result.end","18885"
"10.1007_BF01040445","3","string_result","locations_result.end","25146"
"10.1007_BF01040445","4","string_result","locations_result.end","25426"
"10.1007_BF01040445","5","string_result","locations_result.end","28641"
"10.1007_BF01040445","6","string_result","locations_result.end","42724"
"10.1007_BF01040445","7","string_result","locations_result.end","45952"
"10.1007_BF01040445","1","string_result","pre_result","maining, 235 (85%) kept their appointment for “jury duty.” Data for three subjects were eliminated, r"
"10.1007_BF01040445","2","string_result","pre_result","provide information about their demographic characteristics.

RESULTS  


This section presents the r"
"10.1007_BF01040445","3","string_result","pre_result","ime A scenario was employed (F = 3.50, p < .05). In the defense conditions, the No Defense strategy r"
"10.1007_BF01040445","4","string_result","pre_result","ated with penalty decisions. Jurors’ scaled penalty decisions served as the criterion variable. The r"
"10.1007_BF01040445","5","string_result","pre_result","ense strategy was paired with three different crimes so as to explore possible interaction effects, r"
"10.1007_BF01040445","6","string_result","pre_result","Each element may contribute, in additive fashion, to the overall effectiveness of the presentation, r"
"10.1007_BF01040445","7","string_result","pre_result","hemes identified by Logan (1983a) were present in the attorney’s final arguments.

7 The pattern of r"
"10.1007_BF01040445","1","string_result","post_result","ting in a total of 232 mock jurors.

Mock jurors provided information about six demographic character"
"10.1007_BF01040445","2","string_result","post_result","ts of four separate data analyses: (1) an analysis of manipulation checks; (2) an analysis of the inf"
"10.1007_BF01040445","3","string_result","post_result","ted in the greatest “edge” for the prosecutor (F = 8.66, p < .01).

A multiple regression analysis wa"
"10.1007_BF01040445","4","string_result","post_result","ts of a forward stepwise solution can be seen in Table 4. Jurors who perceived the defendant as actin"
"10.1007_BF01040445","5","string_result","post_result","ting in relatively few subjects per cell. Thus, statistical power was sacrificed in exchange for a ri"
"10.1007_BF01040445","6","string_result","post_result","ting in an argument more powerful than any of those tested here. On the other hand, the elements of t"
"10.1007_BF01040445","7","string_result","post_result","ts obtained using scaled penalty decisions mirrors the pattern obtained when the dichotomous penalty "
