"doi","exemplar","type","key","value"
"10.1007_BF01044222","1","length","total_length","52039"
"10.1007_BF01044222","1","p_values","locations_p.start","17374"
"10.1007_BF01044222","2","p_values","locations_p.start","18404"
"10.1007_BF01044222","3","p_values","locations_p.start","21920"
"10.1007_BF01044222","4","p_values","locations_p.start","25039"
"10.1007_BF01044222","5","p_values","locations_p.start","25397"
"10.1007_BF01044222","6","p_values","locations_p.start","25550"
"10.1007_BF01044222","7","p_values","locations_p.start","32356"
"10.1007_BF01044222","8","p_values","locations_p.start","32574"
"10.1007_BF01044222","9","p_values","locations_p.start","32868"
"10.1007_BF01044222","10","p_values","locations_p.start","32920"
"10.1007_BF01044222","11","p_values","locations_p.start","34696"
"10.1007_BF01044222","1","p_values","locations_p.end","17381"
"10.1007_BF01044222","2","p_values","locations_p.end","18411"
"10.1007_BF01044222","3","p_values","locations_p.end","21927"
"10.1007_BF01044222","4","p_values","locations_p.end","25046"
"10.1007_BF01044222","5","p_values","locations_p.end","25404"
"10.1007_BF01044222","6","p_values","locations_p.end","25557"
"10.1007_BF01044222","7","p_values","locations_p.end","32364"
"10.1007_BF01044222","8","p_values","locations_p.end","32582"
"10.1007_BF01044222","9","p_values","locations_p.end","32874"
"10.1007_BF01044222","10","p_values","locations_p.end","32927"
"10.1007_BF01044222","11","p_values","locations_p.end","34704"
"10.1007_BF01044222","1","p_values","result","p<.01"
"10.1007_BF01044222","2","p_values","result","p<.05"
"10.1007_BF01044222","3","p_values","result","p<.05"
"10.1007_BF01044222","4","p_values","result","p<.01"
"10.1007_BF01044222","5","p_values","result","p<.01"
"10.1007_BF01044222","6","p_values","result","p<.05"
"10.1007_BF01044222","7","p_values","result","p<.001"
"10.1007_BF01044222","8","p_values","result","p<.001"
"10.1007_BF01044222","9","p_values","result","p<."
"10.1007_BF01044222","10","p_values","result","p<.01"
"10.1007_BF01044222","11","p_values","result","p<.001"
"10.1007_BF01044222","1","p_values","comparison","<"
"10.1007_BF01044222","2","p_values","comparison","<"
"10.1007_BF01044222","3","p_values","comparison","<"
"10.1007_BF01044222","4","p_values","comparison","<"
"10.1007_BF01044222","5","p_values","comparison","<"
"10.1007_BF01044222","6","p_values","comparison","<"
"10.1007_BF01044222","7","p_values","comparison","<"
"10.1007_BF01044222","8","p_values","comparison","<"
"10.1007_BF01044222","9","p_values","comparison","<"
"10.1007_BF01044222","10","p_values","comparison","<"
"10.1007_BF01044222","11","p_values","comparison","<"
"10.1007_BF01044222","1","p_values","value",".01"
"10.1007_BF01044222","2","p_values","value",".05"
"10.1007_BF01044222","3","p_values","value",".05"
"10.1007_BF01044222","4","p_values","value",".01"
"10.1007_BF01044222","5","p_values","value",".01"
"10.1007_BF01044222","6","p_values","value",".05"
"10.1007_BF01044222","7","p_values","value",".001"
"10.1007_BF01044222","8","p_values","value",".001"
"10.1007_BF01044222","9","p_values","value","."
"10.1007_BF01044222","10","p_values","value",".01"
"10.1007_BF01044222","11","p_values","value",".001"
"10.1007_BF01044222","1","string_hypothesi","locations_hypothesi.start","12081"
"10.1007_BF01044222","2","string_hypothesi","locations_hypothesi.start","22116"
"10.1007_BF01044222","1","string_hypothesi","locations_hypothesi.end","12089"
"10.1007_BF01044222","2","string_hypothesi","locations_hypothesi.end","22124"
"10.1007_BF01044222","1","string_hypothesi","pre_hypothesi"," present the public with an array of common stories, rather than selected high-profile stories. The h"
"10.1007_BF01044222","2","string_hypothesi","pre_hypothesi"," perceptions of the sentence’s leniency. In the next study, we describe an experiment in which this h"
"10.1007_BF01044222","1","string_hypothesi","post_hypothesi","is tested was that perceptions of sentencing leniency are created and confirmed by what the public re"
"10.1007_BF01044222","2","string_hypothesi","post_hypothesi","is is tested.

STUDY 2: EXPERIMENTAL COMPARISONS OF DIFFERENT STORIES  


In this study, subjects wer"
"10.1007_BF01044222","1","string_theor","locations_theor.start","22707"
"10.1007_BF01044222","2","string_theor","locations_theor.start","22805"
"10.1007_BF01044222","3","string_theor","locations_theor.start","22967"
"10.1007_BF01044222","1","string_theor","locations_theor.end","22711"
"10.1007_BF01044222","2","string_theor","locations_theor.end","22809"
"10.1007_BF01044222","3","string_theor","locations_theor.end","22971"
"10.1007_BF01044222","1","string_theor","pre_theor",", and that additional material (such as would emerge in a sentencing hearing) is not relevant. This t"
"10.1007_BF01044222","2","string_theor","pre_theor","s theory would suggest that knowing simply the sentence and the offense would suffice. The opposing t"
"10.1007_BF01044222","3","string_theor","pre_theor","a complicated view of sentencing that takes numerous factors into account. According to this latter t"
"10.1007_BF01044222","1","string_theor","post_theor","ry would suggest that knowing simply the sentence and the offense would suffice. The opposing theory "
"10.1007_BF01044222","2","string_theor","post_theor","ry suggests that the public, not unlike judges, maintains a complicated view of sentencing that takes"
"10.1007_BF01044222","3","string_theor","post_theor","ry, different accounts of the same set of facts will have different impacts upon the readers. In this"
"10.1007_BF01044222","1","string_account","locations_account.start","5623"
"10.1007_BF01044222","2","string_account","locations_account.start","11715"
"10.1007_BF01044222","3","string_account","locations_account.start","21614"
"10.1007_BF01044222","4","string_account","locations_account.start","21765"
"10.1007_BF01044222","5","string_account","locations_account.start","21847"
"10.1007_BF01044222","6","string_account","locations_account.start","22286"
"10.1007_BF01044222","7","string_account","locations_account.start","22392"
"10.1007_BF01044222","8","string_account","locations_account.start","22933"
"10.1007_BF01044222","9","string_account","locations_account.start","22985"
"10.1007_BF01044222","10","string_account","locations_account.start","23124"
"10.1007_BF01044222","11","string_account","locations_account.start","24404"
"10.1007_BF01044222","12","string_account","locations_account.start","24947"
"10.1007_BF01044222","13","string_account","locations_account.start","25996"
"10.1007_BF01044222","14","string_account","locations_account.start","26185"
"10.1007_BF01044222","15","string_account","locations_account.start","26221"
"10.1007_BF01044222","16","string_account","locations_account.start","26372"
"10.1007_BF01044222","17","string_account","locations_account.start","26566"
"10.1007_BF01044222","18","string_account","locations_account.start","26924"
"10.1007_BF01044222","19","string_account","locations_account.start","27155"
"10.1007_BF01044222","20","string_account","locations_account.start","27320"
"10.1007_BF01044222","21","string_account","locations_account.start","31277"
"10.1007_BF01044222","22","string_account","locations_account.start","33114"
"10.1007_BF01044222","23","string_account","locations_account.start","35439"
"10.1007_BF01044222","24","string_account","locations_account.start","35774"
"10.1007_BF01044222","25","string_account","locations_account.start","36072"
"10.1007_BF01044222","26","string_account","locations_account.start","36596"
"10.1007_BF01044222","27","string_account","locations_account.start","36864"
"10.1007_BF01044222","28","string_account","locations_account.start","36938"
"10.1007_BF01044222","29","string_account","locations_account.start","44326"
"10.1007_BF01044222","1","string_account","locations_account.end","5629"
"10.1007_BF01044222","2","string_account","locations_account.end","11721"
"10.1007_BF01044222","3","string_account","locations_account.end","21620"
"10.1007_BF01044222","4","string_account","locations_account.end","21771"
"10.1007_BF01044222","5","string_account","locations_account.end","21853"
"10.1007_BF01044222","6","string_account","locations_account.end","22292"
"10.1007_BF01044222","7","string_account","locations_account.end","22398"
"10.1007_BF01044222","8","string_account","locations_account.end","22939"
"10.1007_BF01044222","9","string_account","locations_account.end","22991"
"10.1007_BF01044222","10","string_account","locations_account.end","23130"
"10.1007_BF01044222","11","string_account","locations_account.end","24410"
"10.1007_BF01044222","12","string_account","locations_account.end","24953"
"10.1007_BF01044222","13","string_account","locations_account.end","26002"
"10.1007_BF01044222","14","string_account","locations_account.end","26191"
"10.1007_BF01044222","15","string_account","locations_account.end","26227"
"10.1007_BF01044222","16","string_account","locations_account.end","26378"
"10.1007_BF01044222","17","string_account","locations_account.end","26572"
"10.1007_BF01044222","18","string_account","locations_account.end","26930"
"10.1007_BF01044222","19","string_account","locations_account.end","27161"
"10.1007_BF01044222","20","string_account","locations_account.end","27326"
"10.1007_BF01044222","21","string_account","locations_account.end","31283"
"10.1007_BF01044222","22","string_account","locations_account.end","33120"
"10.1007_BF01044222","23","string_account","locations_account.end","35445"
"10.1007_BF01044222","24","string_account","locations_account.end","35780"
"10.1007_BF01044222","25","string_account","locations_account.end","36078"
"10.1007_BF01044222","26","string_account","locations_account.end","36602"
"10.1007_BF01044222","27","string_account","locations_account.end","36870"
"10.1007_BF01044222","28","string_account","locations_account.end","36944"
"10.1007_BF01044222","29","string_account","locations_account.end","44332"
"10.1007_BF01044222","1","string_account","pre_account","ent crimes of violence. For example, in one content analysis of news reports (Graber, 1980), murder a"
"10.1007_BF01044222","2","string_account","pre_account","iscrepant with the practice of the courts, or whether the public is responding to biased news media a"
"10.1007_BF01044222","3","string_account","pre_account","ipitous finding from Study 1 lends support to this argument. Two of the stories were different news a"
"10.1007_BF01044222","4","string_account","pre_account","ugh readers had been randomly assigned to read one or the other, readers of the tabloid newspaper’s a"
"10.1007_BF01044222","5","string_account","pre_account","bloid newspaper’s account of the case were significantly more likely than readers of the broadsheet a"
"10.1007_BF01044222","6","string_account","pre_account","STORIES  


In this study, subjects were randomly assigned to read one of three different newspaper a"
"10.1007_BF01044222","7","string_account","pre_account","ts of the same sentencing hearing. The aim was to evaluate the extent to which different news media a"
"10.1007_BF01044222","8","string_account","pre_account","lic, not unlike judges, maintains a complicated view of sentencing that takes numerous factors into a"
"10.1007_BF01044222","9","string_account","pre_account"," of sentencing that takes numerous factors into account. According to this latter theory, different a"
"10.1007_BF01044222","10","string_account","pre_account","have different impacts upon the readers. In this study (and in Study 3), we gave subjects different a"
"10.1007_BF01044222","11","string_account","pre_account","y. Subjects were randomly assigned to read one of the three versions of the case. After reading one a"
"10.1007_BF01044222","12","string_account","pre_account","nificant differences emerged in ratings of the appropriateness of the sentence as a function of the a"
"10.1007_BF01044222","13","string_account","pre_account"," study make it clear that the context is critical in determining public reactions to sentences. The a"
"10.1007_BF01044222","14","string_account","pre_account","ear to respond to much more than simply the offense and the few facts common to all three newspaper a"
"10.1007_BF01044222","15","string_account","pre_account","ply the offense and the few facts common to all three newspaper accounts. Second, the nature of the a"
"10.1007_BF01044222","16","string_account","pre_account"," judge. Finally, this experiment also produced evidence of a generalizing effect: The nature of the a"
"10.1007_BF01044222","17","string_account","pre_account","ient. 

These findings raise several new questions. If reactions differ significantly from one news a"
"10.1007_BF01044222","18","string_account","pre_account","re sentencing hearing? In the third and final study reported here, we compared reactions to a media a"
"10.1007_BF01044222","19","string_account","pre_account","AND OFFICIAL DOCUMENTS  


Ideally, in order to effect a comparison between reactions to news media a"
"10.1007_BF01044222","20","string_account","pre_account"," would randomly assign people to either attend an actual sentencing hearing, or to read a newspaper a"
"10.1007_BF01044222","21","string_account","pre_account"," condition will be referred to as the court documents condition.)

The questionnaire containing the a"
"10.1007_BF01044222","22","string_account","pre_account","presents a great deal of information about a particular sentencing hearing, people reading the news a"
"10.1007_BF01044222","23","string_account","pre_account","m to believe that sentences are too lenient. These same people, when given access to more extensive a"
"10.1007_BF01044222","24","string_account","pre_account"," reacting not only to the actual sentence (which in these experiments was constant across different a"
"10.1007_BF01044222","25","string_account","pre_account"," courts are insufficiently harsh towards convicted offenders. In the first study, subjects received a"
"10.1007_BF01044222","26","string_account","pre_account","t experiments demonstrated the importance of the context in which sentences are placed. In Study 2, a"
"10.1007_BF01044222","27","string_account","pre_account"," ratings by subjects who read a transcript summary with the reactions of others who read news media a"
"10.1007_BF01044222","28","string_account","pre_account","thers who read news media accounts of the same sentence revealed that those who read the news media a"
"10.1007_BF01044222","29","string_account","pre_account","rio Court of Appeal was to reduce the sentence from 21 months to one year. Readers of the newspaper a"
"10.1007_BF01044222","1","string_account","post_account","ted for 25% of crime stories, although it constitutes less than 1% of all reported crimes. Likewise, "
"10.1007_BF01044222","2","string_account","post_account","ts of sentencing. The studies described below address this question.

STUDY 1: EVALUATING SENTENCES R"
"10.1007_BF01044222","3","string_account","post_account","ts of the same sentencing hearing. Yet, although readers had been randomly assigned to read one or th"
"10.1007_BF01044222","4","string_account","post_account","t of the case were significantly more likely than readers of the broadsheet account to rate the sente"
"10.1007_BF01044222","5","string_account","post_account","t to rate the sentence as being too lenient, χ2(2, N = 49) = 13.97, p < .05. Thus the specific style "
"10.1007_BF01044222","6","string_account","post_account","ts of the same sentencing hearing. The aim was to evaluate the extent to which different news media a"
"10.1007_BF01044222","7","string_account","post_account","ts of criminal justice events affect public reactions. Two competing models of public opinion suggest"
"10.1007_BF01044222","8","string_account","post_account","t. According to this latter theory, different accounts of the same set of facts will have different i"
"10.1007_BF01044222","9","string_account","post_account","ts of the same set of facts will have different impacts upon the readers. In this study (and in Study"
"10.1007_BF01044222","10","string_account","post_account","ts of a sentencing hearing from different newspapers.

#### Method

**Subjects**

The subjects were v"
"10.1007_BF01044222","11","string_account","post_account","t, subjects completed the questionnaire containing the dependent variables. The experiment took about"
"10.1007_BF01044222","12","string_account","post_account","t read. The means for the three conditions were 4.12, 4.21, and 4.52, F(2,153) = 5.29, p < .01. Once "
"10.1007_BF01044222","13","string_account","post_account","t of the hearing affects the evaluation that readers give the sentence. Readers appear to respond to "
"10.1007_BF01044222","14","string_account","post_account","ts. Second, the nature of the account also influences readers’ evaluations of the judge. Finally, thi"
"10.1007_BF01044222","15","string_account","post_account","t also influences readers’ evaluations of the judge. Finally, this experiment also produced evidence "
"10.1007_BF01044222","16","string_account","post_account","t of a single sentencing hearing affected the view that sentences in general are too lenient. 

These"
"10.1007_BF01044222","17","string_account","post_account","t to another, how would these subjects have reacted to the sentence if they had had more complete inf"
"10.1007_BF01044222","18","string_account","post_account","t of a sentencing hearing and reactions to a summary of actual court documents.

STUDY 3: COMPARISONS"
"10.1007_BF01044222","19","string_account","post_account","ts and reactions to events as they unfold in the court, one would randomly assign people to either at"
"10.1007_BF01044222","20","string_account","post_account","t of the same hearing. This is somewhat impractical. Instead, in Study 3, subjects were randomly assi"
"10.1007_BF01044222","21","string_account","post_account","t of the case also included four dependent variables. Subjects were asked to evaluate the sentence (t"
"10.1007_BF01044222","22","string_account","post_account","t are likely to receive a very different picture of all aspects of the case than they would have rece"
"10.1007_BF01044222","23","string_account","post_account","ts of sentences, are more content with the judges’ decisions. Public opinion about sentencing is more"
"10.1007_BF01044222","24","string_account","post_account","ts) but also to the context in which the sentence is placed.

SUMMARY AND GENERAL DISCUSSION  


This"
"10.1007_BF01044222","25","string_account","post_account","ts of sentencing hearings that appeared, during one week, in Toronto newspapers. These stories were g"
"10.1007_BF01044222","26","string_account","post_account","ts of the same sentencing hearing by different newspapers had variable effects upon subjects’ ratings"
"10.1007_BF01044222","27","string_account","post_account","ts of the same sentence revealed that those who read the news media account had more negative views o"
"10.1007_BF01044222","28","string_account","post_account","t had more negative views of the judge, the offense, the offender, and the sentence. This effect was "
"10.1007_BF01044222","29","string_account","post_account","t of the original sentence were probably outraged at what they would perceive to be further leniency "
"10.1007_BF01044222","1","string_model","locations_model.start","22467"
"10.1007_BF01044222","1","string_model","locations_model.end","22471"
"10.1007_BF01044222","1","string_model","pre_model","ich different news media accounts of criminal justice events affect public reactions. Two competing m"
"10.1007_BF01044222","1","string_model","post_model","ls of public opinion suggest themselves. One is that the public is concerned only with the relation b"
"10.1007_BF01044222","1","string_data","locations_data.start","6226"
"10.1007_BF01044222","2","string_data","locations_data.start","12301"
"10.1007_BF01044222","3","string_data","locations_data.start","12312"
"10.1007_BF01044222","4","string_data","locations_data.start","12425"
"10.1007_BF01044222","5","string_data","locations_data.start","13257"
"10.1007_BF01044222","6","string_data","locations_data.start","13370"
"10.1007_BF01044222","7","string_data","locations_data.start","13992"
"10.1007_BF01044222","8","string_data","locations_data.start","14635"
"10.1007_BF01044222","9","string_data","locations_data.start","19796"
"10.1007_BF01044222","10","string_data","locations_data.start","20653"
"10.1007_BF01044222","11","string_data","locations_data.start","38066"
"10.1007_BF01044222","1","string_data","locations_data.end","6229"
"10.1007_BF01044222","2","string_data","locations_data.end","12304"
"10.1007_BF01044222","3","string_data","locations_data.end","12315"
"10.1007_BF01044222","4","string_data","locations_data.end","12428"
"10.1007_BF01044222","5","string_data","locations_data.end","13260"
"10.1007_BF01044222","6","string_data","locations_data.end","13373"
"10.1007_BF01044222","7","string_data","locations_data.end","13995"
"10.1007_BF01044222","8","string_data","locations_data.end","14638"
"10.1007_BF01044222","9","string_data","locations_data.end","19799"
"10.1007_BF01044222","10","string_data","locations_data.end","20656"
"10.1007_BF01044222","11","string_data","locations_data.end","38069"
"10.1007_BF01044222","1","string_data","pre_data","ian Sentencing Commission concluded that “the public…is forced to build its view of sentencing on a d"
"10.1007_BF01044222","2","string_data","pre_data","newspapers.

#### Method

**Subjects**

Throughout this article we shall be describing two kinds of d"
"10.1007_BF01044222","3","string_data","pre_data","

#### Method

**Subjects**

Throughout this article we shall be describing two kinds of data. Some d"
"10.1007_BF01044222","4","string_data","pre_data","rom small samples of members of the general public who participated in experimental research; other d"
"10.1007_BF01044222","5","string_data","pre_data","andomly created groups of subjects. In Study 1, the responses of the Centre sample were compared to d"
"10.1007_BF01044222","6","string_data","pre_data","from a representative survey of adult Canadians conducted at about the same time. These comparative d"
"10.1007_BF01044222","7","string_data","pre_data","that sentences are too lenient compared to 80% of the respondents from the nationwide survey. These d"
"10.1007_BF01044222","8","string_data","pre_data","ntencing by Canadian courts that appeared in any Toronto daily newspaper for the week preceding the d"
"10.1007_BF01044222","9","string_data","pre_data","their judgments. In the present research, this alternative explanation is refuted by the pattern of d"
"10.1007_BF01044222","10","string_data","pre_data","ent. (We assume when making this statement that there was nothing atypical about the week preceding d"
"10.1007_BF01044222","11","string_data","pre_data","hink about the violent crimes they have learned about from the mass media. Some recent opinion poll d"
"10.1007_BF01044222","1","string_data","post_data","a-base which does not reflect reality, where fewer than 6% of all crimes involve violence” (pp. 95–96"
"10.1007_BF01044222","2","string_data","post_data","a. Some data derive from small samples of members of the general public who participated in experimen"
"10.1007_BF01044222","3","string_data","post_data","a derive from small samples of members of the general public who participated in experimental researc"
"10.1007_BF01044222","4","string_data","post_data","a come from recent representative surveys of the Canadian public. Experimental subjects were members "
"10.1007_BF01044222","5","string_data","post_data","a derived from a representative survey of adult Canadians conducted at about the same time. These com"
"10.1007_BF01044222","6","string_data","post_data","a are drawn from a systematic comparison of the two populations, described in Doob and Roberts (1983)"
"10.1007_BF01044222","7","string_data","post_data","a suggest that the reactions of our subjects resemble those derived from a more representative sample"
"10.1007_BF01044222","8","string_data","post_data","a collection were photocopied. Sixteen stories appeared, but because two newspapers covered one sente"
"10.1007_BF01044222","9","string_data","post_data","a: Evaluation apprehension should cause inflated confidence ratings for all judgments; for some sente"
"10.1007_BF01044222","10","string_data","post_data","a collection. There are no grounds to believe that a rash of lenient dispositions arose during this p"
"10.1007_BF01044222","11","string_data","post_data","a make this clear. In 1986, a representative sample of Canadian adults was asked what type of offende"
"10.1007_BF01044222","1","string_finding","locations_finding.start","14934"
"10.1007_BF01044222","2","string_finding","locations_finding.start","20403"
"10.1007_BF01044222","3","string_finding","locations_finding.start","21522"
"10.1007_BF01044222","4","string_finding","locations_finding.start","25161"
"10.1007_BF01044222","5","string_finding","locations_finding.start","26480"
"10.1007_BF01044222","6","string_finding","locations_finding.start","38570"
"10.1007_BF01044222","7","string_finding","locations_finding.start","39257"
"10.1007_BF01044222","8","string_finding","locations_finding.start","41685"
"10.1007_BF01044222","9","string_finding","locations_finding.start","42243"
"10.1007_BF01044222","1","string_finding","locations_finding.end","14940"
"10.1007_BF01044222","2","string_finding","locations_finding.end","20409"
"10.1007_BF01044222","3","string_finding","locations_finding.end","21528"
"10.1007_BF01044222","4","string_finding","locations_finding.end","25167"
"10.1007_BF01044222","5","string_finding","locations_finding.end","26486"
"10.1007_BF01044222","6","string_finding","locations_finding.end","38576"
"10.1007_BF01044222","7","string_finding","locations_finding.end","39263"
"10.1007_BF01044222","8","string_finding","locations_finding.end","41691"
"10.1007_BF01044222","9","string_finding","locations_finding.end","42249"
"10.1007_BF01044222","1","string_finding","pre_finding","omly into four groups of four stories. (A typical story appears in Appendix A.) Consistent with the f"
"10.1007_BF01044222","2","string_finding","pre_finding","ject population, and the overall pattern of results argue against an artifactual explanation of our f"
"10.1007_BF01044222","3","string_finding","pre_finding","r, information at their disposal, they might have different views about sentencing. A serendipitous f"
"10.1007_BF01044222","4","string_finding","pre_finding","the tabloid newspaper’s story elicited greatest dissatisfaction with the sentence.

Given this last f"
"10.1007_BF01044222","5","string_finding","pre_finding","of a single sentencing hearing affected the view that sentences in general are too lenient. 

These f"
"10.1007_BF01044222","6","string_finding","pre_finding","l offenders sentenced in Canada, are most salient for respondents. Consistent with this view is the f"
"10.1007_BF01044222","7","string_finding","pre_finding","-451-tbl3a.gif)Type of Offender Subject Was Thinking of and View of Sentences Generallya

All these f"
"10.1007_BF01044222","8","string_finding","pre_finding",".

How then are policy makers in the area of sentencing to interpret public opinion in light of our f"
"10.1007_BF01044222","9","string_finding","pre_finding","stions would advocate an increase in the severity of sentences. However, the overall pattern of our f"
"10.1007_BF01044222","1","string_finding","post_finding","gs of other systematic analyses of sentencing stories, referred to in the introduction, the stories w"
"10.1007_BF01044222","2","string_finding","post_finding","gs.

The results of this study support several conclusions. First, the sentences people read about te"
"10.1007_BF01044222","3","string_finding","post_finding","g from Study 1 lends support to this argument. Two of the stories were different news accounts of the"
"10.1007_BF01044222","4","string_finding","post_finding","g, it is not surprising that subjects assigned to read the tabloid newspaper’s version were significa"
"10.1007_BF01044222","5","string_finding","post_finding","gs raise several new questions. If reactions differ significantly from one news account to another, h"
"10.1007_BF01044222","6","string_finding","post_finding","g that when asked to recall an offense resulting in a lenient sentence, 42% of respondents to the sam"
"10.1007_BF01044222","7","string_finding","post_finding","gs suggest that the public may not necessarily favor a sentencing policy that is universally more pun"
"10.1007_BF01044222","8","string_finding","post_finding","gs and those of others regarding the news media? If asked simple questions about sentences currently "
"10.1007_BF01044222","9","string_finding","post_finding","gs suggests that much current public dissatisfaction with sentencing is based upon media misinformati"
"10.1007_BF01044222","1","string_result","locations_result.start","10836"
"10.1007_BF01044222","2","string_result","locations_result.start","18149"
"10.1007_BF01044222","3","string_result","locations_result.start","19091"
"10.1007_BF01044222","4","string_result","locations_result.start","19553"
"10.1007_BF01044222","5","string_result","locations_result.start","20347"
"10.1007_BF01044222","6","string_result","locations_result.start","20418"
"10.1007_BF01044222","7","string_result","locations_result.start","25660"
"10.1007_BF01044222","8","string_result","locations_result.start","25881"
"10.1007_BF01044222","9","string_result","locations_result.start","32934"
"10.1007_BF01044222","10","string_result","locations_result.start","34165"
"10.1007_BF01044222","11","string_result","locations_result.start","38615"
"10.1007_BF01044222","12","string_result","locations_result.start","44015"
"10.1007_BF01044222","1","string_result","locations_result.end","10841"
"10.1007_BF01044222","2","string_result","locations_result.end","18154"
"10.1007_BF01044222","3","string_result","locations_result.end","19096"
"10.1007_BF01044222","4","string_result","locations_result.end","19558"
"10.1007_BF01044222","5","string_result","locations_result.end","20352"
"10.1007_BF01044222","6","string_result","locations_result.end","20423"
"10.1007_BF01044222","7","string_result","locations_result.end","25665"
"10.1007_BF01044222","8","string_result","locations_result.end","25886"
"10.1007_BF01044222","9","string_result","locations_result.end","32939"
"10.1007_BF01044222","10","string_result","locations_result.end","34170"
"10.1007_BF01044222","11","string_result","locations_result.end","38620"
"10.1007_BF01044222","12","string_result","locations_result.end","44020"
"10.1007_BF01044222","1","string_result","pre_result"," a reason to oppose reform initiatives. The public, we are told, will not tolerate changes that may r"
"10.1007_BF01044222","2","string_result","pre_result","ts indicated they were “somewhat” confident. In only 7% were subjects “not at all confident.” These r"
"10.1007_BF01044222","3","string_result","pre_result","these evaluations with confidence. Could demand cues or evaluation apprehension have produced these r"
"10.1007_BF01044222","4","string_result","pre_result","oberts, 1983).

The construct of evaluation apprehension suggests an explanation for the pattern of r"
"10.1007_BF01044222","5","string_result","pre_result","f reading newspaper articles, the ecologically valid subject population, and the overall pattern of r"
"10.1007_BF01044222","6","string_result","pre_result",", and the overall pattern of results argue against an artifactual explanation of our findings.

The r"
"10.1007_BF01044222","7","string_result","pre_result","With one exception, there were no significant differences on the sentencing purpose questions. This r"
"10.1007_BF01044222","8","string_result","pre_result","ory manipulations such as exposure to a brief newspaper article (Roberts &amp; Edwards, 1989).

The r"
"10.1007_BF01044222","9","string_result","pre_result","condition, χ2(2, N = 115) = 19.20, p <  . 001, and the offense, χ2(2, N = 115) = 7.35, p < .01. The r"
"10.1007_BF01044222","10","string_result","pre_result"," it is possible that some other explanation exists to set this sentence apart. In any case, similar r"
"10.1007_BF01044222","11","string_result","pre_result","ient for respondents. Consistent with this view is the finding that when asked to recall an offense r"
"10.1007_BF01044222","12","string_result","pre_result","s is that they sometimes omit a dependent variable.

2 There was a marginally significant (p < .05) r"
"10.1007_BF01044222","1","string_result","post_result","t in more lenient dispositions (see Doob &amp; Roberts, 1988). Second, judges are not immune to the f"
"10.1007_BF01044222","2","string_result","post_result","ts are surprising given the length of the stories: Little information was conveyed on which to base a"
"10.1007_BF01044222","3","string_result","post_result","ts? It might be argued that by asking subjects to provide ratings we are eliciting evaluations that p"
"10.1007_BF01044222","4","string_result","post_result","ts on confidence ratings. According to this perspective, subjects feel uneasy about acknowledging tha"
"10.1007_BF01044222","5","string_result","post_result","ts argue against an artifactual explanation of our findings.

The results of this study support sever"
"10.1007_BF01044222","6","string_result","post_result","ts of this study support several conclusions. First, the sentences people read about tend to be ones "
"10.1007_BF01044222","7","string_result","post_result","t is in keeping with recent research suggesting that importance ratings of sentencing aims are unaffe"
"10.1007_BF01044222","8","string_result","post_result","ts of this study make it clear that the context is critical in determining public reactions to senten"
"10.1007_BF01044222","9","string_result","post_result","ts and the exact questions are presented in Table 2. Even when a newspaper presents a great deal of i"
"10.1007_BF01044222","10","string_result","post_result","ts emerged from two other studies (see Doob &amp; Roberts, 1983) in which responses from subjects rea"
"10.1007_BF01044222","11","string_result","post_result","ting in a lenient sentence, 42% of respondents to the same poll recalled a homicide, 23% a sexual ass"
"10.1007_BF01044222","12","string_result","post_result","t to the effect that readers of two newspapers provided higher importance ratings for incapacitation."
