"doi","exemplar","type","key","value"
"10.1007_BF01044290","1","length","total_length","34194"
"10.1007_BF01044290","1","p_values","locations_p.start","16713"
"10.1007_BF01044290","2","p_values","locations_p.start","16757"
"10.1007_BF01044290","3","p_values","locations_p.start","17155"
"10.1007_BF01044290","4","p_values","locations_p.start","17235"
"10.1007_BF01044290","5","p_values","locations_p.start","17676"
"10.1007_BF01044290","6","p_values","locations_p.start","17796"
"10.1007_BF01044290","7","p_values","locations_p.start","18853"
"10.1007_BF01044290","8","p_values","locations_p.start","18934"
"10.1007_BF01044290","9","p_values","locations_p.start","18977"
"10.1007_BF01044290","10","p_values","locations_p.start","19050"
"10.1007_BF01044290","11","p_values","locations_p.start","19093"
"10.1007_BF01044290","12","p_values","locations_p.start","19182"
"10.1007_BF01044290","13","p_values","locations_p.start","19312"
"10.1007_BF01044290","14","p_values","locations_p.start","19581"
"10.1007_BF01044290","15","p_values","locations_p.start","19682"
"10.1007_BF01044290","16","p_values","locations_p.start","21334"
"10.1007_BF01044290","17","p_values","locations_p.start","21447"
"10.1007_BF01044290","18","p_values","locations_p.start","21564"
"10.1007_BF01044290","19","p_values","locations_p.start","21664"
"10.1007_BF01044290","20","p_values","locations_p.start","23854"
"10.1007_BF01044290","21","p_values","locations_p.start","23904"
"10.1007_BF01044290","22","p_values","locations_p.start","23955"
"10.1007_BF01044290","23","p_values","locations_p.start","24361"
"10.1007_BF01044290","24","p_values","locations_p.start","24411"
"10.1007_BF01044290","1","p_values","locations_p.end","16721"
"10.1007_BF01044290","2","p_values","locations_p.end","16766"
"10.1007_BF01044290","3","p_values","locations_p.end","17163"
"10.1007_BF01044290","4","p_values","locations_p.end","17244"
"10.1007_BF01044290","5","p_values","locations_p.end","17685"
"10.1007_BF01044290","6","p_values","locations_p.end","17804"
"10.1007_BF01044290","7","p_values","locations_p.end","18861"
"10.1007_BF01044290","8","p_values","locations_p.end","18942"
"10.1007_BF01044290","9","p_values","locations_p.end","18985"
"10.1007_BF01044290","10","p_values","locations_p.end","19058"
"10.1007_BF01044290","11","p_values","locations_p.end","19101"
"10.1007_BF01044290","12","p_values","locations_p.end","19190"
"10.1007_BF01044290","13","p_values","locations_p.end","19320"
"10.1007_BF01044290","14","p_values","locations_p.end","19589"
"10.1007_BF01044290","15","p_values","locations_p.end","19690"
"10.1007_BF01044290","16","p_values","locations_p.end","21342"
"10.1007_BF01044290","17","p_values","locations_p.end","21455"
"10.1007_BF01044290","18","p_values","locations_p.end","21573"
"10.1007_BF01044290","19","p_values","locations_p.end","21673"
"10.1007_BF01044290","20","p_values","locations_p.end","23862"
"10.1007_BF01044290","21","p_values","locations_p.end","23912"
"10.1007_BF01044290","22","p_values","locations_p.end","23963"
"10.1007_BF01044290","23","p_values","locations_p.end","24369"
"10.1007_BF01044290","24","p_values","locations_p.end","24419"
"10.1007_BF01044290","1","p_values","result","p<0.01"
"10.1007_BF01044290","2","p_values","result","p<0.001"
"10.1007_BF01044290","3","p_values","result","p=0.13"
"10.1007_BF01044290","4","p_values","result","p<0.077"
"10.1007_BF01044290","5","p_values","result","p=0.162"
"10.1007_BF01044290","6","p_values","result","p<0.05"
"10.1007_BF01044290","7","p_values","result","p>0.05"
"10.1007_BF01044290","8","p_values","result","p>0.05"
"10.1007_BF01044290","9","p_values","result","p>0.05"
"10.1007_BF01044290","10","p_values","result","p<0.05"
"10.1007_BF01044290","11","p_values","result","p<0.05"
"10.1007_BF01044290","12","p_values","result","p>0.05"
"10.1007_BF01044290","13","p_values","result","p<0.05"
"10.1007_BF01044290","14","p_values","result","p>0.05"
"10.1007_BF01044290","15","p_values","result","p<0.05"
"10.1007_BF01044290","16","p_values","result","p<0.02"
"10.1007_BF01044290","17","p_values","result","p>0.05"
"10.1007_BF01044290","18","p_values","result","p<0.002"
"10.1007_BF01044290","19","p_values","result","p<0.005"
"10.1007_BF01044290","20","p_values","result","p<0.01"
"10.1007_BF01044290","21","p_values","result","p<0.05"
"10.1007_BF01044290","22","p_values","result","p<0.05"
"10.1007_BF01044290","23","p_values","result","p>0.05"
"10.1007_BF01044290","24","p_values","result","p>0.05"
"10.1007_BF01044290","1","p_values","comparison","<"
"10.1007_BF01044290","2","p_values","comparison","<"
"10.1007_BF01044290","3","p_values","comparison","="
"10.1007_BF01044290","4","p_values","comparison","<"
"10.1007_BF01044290","5","p_values","comparison","="
"10.1007_BF01044290","6","p_values","comparison","<"
"10.1007_BF01044290","7","p_values","comparison",">"
"10.1007_BF01044290","8","p_values","comparison",">"
"10.1007_BF01044290","9","p_values","comparison",">"
"10.1007_BF01044290","10","p_values","comparison","<"
"10.1007_BF01044290","11","p_values","comparison","<"
"10.1007_BF01044290","12","p_values","comparison",">"
"10.1007_BF01044290","13","p_values","comparison","<"
"10.1007_BF01044290","14","p_values","comparison",">"
"10.1007_BF01044290","15","p_values","comparison","<"
"10.1007_BF01044290","16","p_values","comparison","<"
"10.1007_BF01044290","17","p_values","comparison",">"
"10.1007_BF01044290","18","p_values","comparison","<"
"10.1007_BF01044290","19","p_values","comparison","<"
"10.1007_BF01044290","20","p_values","comparison","<"
"10.1007_BF01044290","21","p_values","comparison","<"
"10.1007_BF01044290","22","p_values","comparison","<"
"10.1007_BF01044290","23","p_values","comparison",">"
"10.1007_BF01044290","24","p_values","comparison",">"
"10.1007_BF01044290","1","p_values","value","0.01"
"10.1007_BF01044290","2","p_values","value","0.001"
"10.1007_BF01044290","3","p_values","value","0.13"
"10.1007_BF01044290","4","p_values","value","0.077"
"10.1007_BF01044290","5","p_values","value","0.162"
"10.1007_BF01044290","6","p_values","value","0.05"
"10.1007_BF01044290","7","p_values","value","0.05"
"10.1007_BF01044290","8","p_values","value","0.05"
"10.1007_BF01044290","9","p_values","value","0.05"
"10.1007_BF01044290","10","p_values","value","0.05"
"10.1007_BF01044290","11","p_values","value","0.05"
"10.1007_BF01044290","12","p_values","value","0.05"
"10.1007_BF01044290","13","p_values","value","0.05"
"10.1007_BF01044290","14","p_values","value","0.05"
"10.1007_BF01044290","15","p_values","value","0.05"
"10.1007_BF01044290","16","p_values","value","0.02"
"10.1007_BF01044290","17","p_values","value","0.05"
"10.1007_BF01044290","18","p_values","value","0.002"
"10.1007_BF01044290","19","p_values","value","0.005"
"10.1007_BF01044290","20","p_values","value","0.01"
"10.1007_BF01044290","21","p_values","value","0.05"
"10.1007_BF01044290","22","p_values","value","0.05"
"10.1007_BF01044290","23","p_values","value","0.05"
"10.1007_BF01044290","24","p_values","value","0.05"
"10.1007_BF01044290","1","string_theor","locations_theor.start","5510"
"10.1007_BF01044290","2","string_theor","locations_theor.start","5547"
"10.1007_BF01044290","3","string_theor","locations_theor.start","7604"
"10.1007_BF01044290","4","string_theor","locations_theor.start","7659"
"10.1007_BF01044290","5","string_theor","locations_theor.start","8635"
"10.1007_BF01044290","1","string_theor","locations_theor.end","5514"
"10.1007_BF01044290","2","string_theor","locations_theor.end","5551"
"10.1007_BF01044290","3","string_theor","locations_theor.end","7608"
"10.1007_BF01044290","4","string_theor","locations_theor.end","7663"
"10.1007_BF01044290","5","string_theor","locations_theor.end","8639"
"10.1007_BF01044290","1","string_theor","pre_theor"," will influence linguistic meaning. However, we can make an intelligent guess based upon speech act t"
"10.1007_BF01044290","2","string_theor","pre_theor","owever, we can make an intelligent guess based upon speech act theory (Searle, 1969). In speech act t"
"10.1007_BF01044290","3","string_theor","pre_theor","mation will be used and retained to provide reliable voice recognition. Two kinds of current memory t"
"10.1007_BF01044290","4","string_theor","pre_theor","ice recognition. Two kinds of current memory theory imply that this should normally be true. Schema t"
"10.1007_BF01044290","5","string_theor","pre_theor"," aim of the experiment was to compare recognition performances of passive and active listeners. The t"
"10.1007_BF01044290","1","string_theor","post_theor","ry (Searle, 1969). In speech act theory, the meaning of an utterance is framed in some intentional ac"
"10.1007_BF01044290","2","string_theor","post_theor","ry, the meaning of an utterance is framed in some intentional act directed toward the listener. Accor"
"10.1007_BF01044290","3","string_theor","post_theor","ry imply that this should normally be true. Schema theories of discourse processing (e.g. Frederiksen"
"10.1007_BF01044290","4","string_theor","post_theor","ries of discourse processing (e.g. Frederiksen, 1975; Thorndyke, 1977) and levels of processing (Crai"
"10.1007_BF01044290","5","string_theor","post_theor","retical objective was to determine if Geiselman and his associates’ general prediction could be suppo"
"10.1007_BF01044290","1","string_account","locations_account.start","6605"
"10.1007_BF01044290","2","string_account","locations_account.start","25417"
"10.1007_BF01044290","1","string_account","locations_account.end","6611"
"10.1007_BF01044290","2","string_account","locations_account.end","25423"
"10.1007_BF01044290","1","string_account","pre_account","natural conversation the speaker attempts to tune his/her conversation to the listener, taking into a"
"10.1007_BF01044290","2","string_account","pre_account","simply listening to someone. This is in accord with our extension of Geiselman and Crawley’s (1983) a"
"10.1007_BF01044290","1","string_account","post_account","t the listener’s inferred knowledge state and being appropriately relevant and brief in his/her remar"
"10.1007_BF01044290","2","string_account","post_account","t. In an active conversation voice carries more information and is attended to more than when the sam"
"10.1007_BF01044290","1","string_model","locations_model.start","14350"
"10.1007_BF01044290","2","string_model","locations_model.start","17489"
"10.1007_BF01044290","3","string_model","locations_model.start","21041"
"10.1007_BF01044290","1","string_model","locations_model.end","14354"
"10.1007_BF01044290","2","string_model","locations_model.end","17493"
"10.1007_BF01044290","3","string_model","locations_model.end","21045"
"10.1007_BF01044290","1","string_model","pre_model","s (either passive or either of self &amp; partner). An individual’s random guessing performance was m"
"10.1007_BF01044290","2","string_model","pre_model"," often than possible by guessing alone.

To check the validity of splitting the passive scores, the m"
"10.1007_BF01044290","3","string_model","pre_model","mpared between conditions. These comparisons were made independently, as the individual probability m"
"10.1007_BF01044290","1","string_model","post_model","led by assuming that each subject’s observed number of yes responses was fixed and that yes responses"
"10.1007_BF01044290","2","string_model","post_model","l of saying yes to one or two of two voices was used [pr (yes) = 0.378, mean = 9.078, SD = 5.644, two"
"10.1007_BF01044290","3","string_model","post_model","ls used for recognition could not deal with identification errors. Again using sign tests, the number"
"10.1007_BF01044290","1","string_data","locations_data.start","13397"
"10.1007_BF01044290","2","string_data","locations_data.start","13487"
"10.1007_BF01044290","3","string_data","locations_data.start","15894"
"10.1007_BF01044290","4","string_data","locations_data.start","20158"
"10.1007_BF01044290","5","string_data","locations_data.start","20722"
"10.1007_BF01044290","6","string_data","locations_data.start","23129"
"10.1007_BF01044290","7","string_data","locations_data.start","27456"
"10.1007_BF01044290","8","string_data","locations_data.start","28151"
"10.1007_BF01044290","1","string_data","locations_data.end","13400"
"10.1007_BF01044290","2","string_data","locations_data.end","13490"
"10.1007_BF01044290","3","string_data","locations_data.end","15897"
"10.1007_BF01044290","4","string_data","locations_data.end","20161"
"10.1007_BF01044290","5","string_data","locations_data.end","20725"
"10.1007_BF01044290","6","string_data","locations_data.end","23132"
"10.1007_BF01044290","7","string_data","locations_data.end","27459"
"10.1007_BF01044290","8","string_data","locations_data.end","28154"
"10.1007_BF01044290","1","string_data","pre_data","er after the passive voices did not induce contaminating recency effects into the voice recognition d"
"10.1007_BF01044290","2","string_data","pre_data","cognition data. Finally, subjects were introduced to each other and debriefed. At this point, their d"
"10.1007_BF01044290","3","string_data","pre_data","us to assess individual performances as well as group performance with a relatively small number of d"
"10.1007_BF01044290","4","string_data","pre_data","same voices were selected when they were heard passively.

Table 1 summarizes the voice recognition d"
"10.1007_BF01044290","5","string_data","pre_data","-71-tbl1a.gif)Summary of the Recognition Results

#### Voice Identification Analyses

The foregoing d"
"10.1007_BF01044290","6","string_data","pre_data","Most distractor selections were identified as passive voices. Table 2 summarizes the identification d"
"10.1007_BF01044290","7","string_data","pre_data","umbers of distractors to lower the chance probability of selection of the target voice. The present d"
"10.1007_BF01044290","8","string_data","pre_data","forensic situation as long as the witness talked with the person in question for a few minutes. Our d"
"10.1007_BF01044290","1","string_data","post_data","a. Finally, subjects were introduced to each other and debriefed. At this point, their data was exclu"
"10.1007_BF01044290","2","string_data","post_data","a was excluded from the analysis if they ever met each other before. Only one pair done so.

RESULTS "
"10.1007_BF01044290","3","string_data","post_data","a points per subject. Such a method of assessing an individual witness’s recognition is an important "
"10.1007_BF01044290","4","string_data","post_data","a. Subjects selected the voice of someone they conversed with more than the voice of someone they sim"
"10.1007_BF01044290","5","string_data","post_data","a concern recognitions without specific identification. Although subjects were not obliged to identif"
"10.1007_BF01044290","6","string_data","post_data","a.  
  
![lhb-9-1-71-tbl2a.gif](http://largecontent.ebsco-content.com/embimages/73c5c2bd49bcfa529b8ca"
"10.1007_BF01044290","7","string_data","post_data","a suggest that such a procedure will provide reliable choices if the witness conversed with the suspe"
"10.1007_BF01044290","8","string_data","post_data","a suggest that this will even apply when the witness does not expect to have to remember the person’s"
"10.1007_BF01044290","1","string_finding","locations_finding.start","4504"
"10.1007_BF01044290","2","string_finding","locations_finding.start","27786"
"10.1007_BF01044290","1","string_finding","locations_finding.end","4510"
"10.1007_BF01044290","2","string_finding","locations_finding.end","27792"
"10.1007_BF01044290","1","string_finding","pre_finding","voice properties are usually lost after a few seconds. Geiselman and Crawley (1983) interpret these f"
"10.1007_BF01044290","2","string_finding","pre_finding","esswork.

Our experiment gave rise to poor passive recognition, which accords with McGehee’s (1937) f"
"10.1007_BF01044290","1","string_finding","post_finding","gs as evidence that when voice provides “connotative” information not available in the spoken content"
"10.1007_BF01044290","2","string_finding","post_finding","gs for recognition of one of several previously heard voices. However, despite the fact that subjects"
"10.1007_BF01044290","1","string_result","locations_result.start","13054"
"10.1007_BF01044290","1","string_result","locations_result.end","13059"
"10.1007_BF01044290","1","string_result","pre_result","or another person. Then subjects were asked to recall both the conversations they heard. The recall r"
"10.1007_BF01044290","1","string_result","post_result","ts will be reported elsewhere, but here we note that on a simple word count subjects did not recall m"
