"doi","exemplar","type","key","value"
"10.1007_BF01040447","1","length","total_length","26695"
"10.1007_BF01040447","1","p_values","locations_p.start","13016"
"10.1007_BF01040447","1","p_values","locations_p.end","13026"
"10.1007_BF01040447","1","p_values","result","p<.00003"
"10.1007_BF01040447","1","p_values","comparison","<"
"10.1007_BF01040447","1","p_values","value",".00003"
"10.1007_BF01040447","1","string_data","locations_data.start","17187"
"10.1007_BF01040447","2","string_data","locations_data.start","17680"
"10.1007_BF01040447","3","string_data","locations_data.start","21035"
"10.1007_BF01040447","4","string_data","locations_data.start","21292"
"10.1007_BF01040447","1","string_data","locations_data.end","17190"
"10.1007_BF01040447","2","string_data","locations_data.end","17683"
"10.1007_BF01040447","3","string_data","locations_data.end","21038"
"10.1007_BF01040447","4","string_data","locations_data.end","21295"
"10.1007_BF01040447","1","string_data","pre_data","n each section of the report. Percentages are shown separately for each section. In contrast to the d"
"10.1007_BF01040447","2","string_data","pre_data","second most favored of the four (excluding Introductory information, for which no “decision change” d"
"10.1007_BF01040447","3","string_data","pre_data","n as being the most influential in judicial decision making. It also indicated that the demographic d"
"10.1007_BF01040447","4","string_data","pre_data","aching their decisions, they identified the recommendation as least influential and the demographic d"
"10.1007_BF01040447","1","string_data","post_data","a on the influence of particular sections on decisions, Table 2 identifies the Recommendation as the "
"10.1007_BF01040447","2","string_data","post_data","a are available) in Table 2.  
  
![lhb-11-2-147-tbl2a.gif](http://largecontent.ebsco-content.com/emb"
"10.1007_BF01040447","3","string_data","post_data","a contributed little to changes in disposal intentions. In contrast, when judges were asked to indica"
"10.1007_BF01040447","4","string_data","post_data","a as the second most influential of the four categories involved in the decision change analysis.

Th"
"10.1007_BF01040447","1","string_finding","locations_finding.start","21412"
"10.1007_BF01040447","1","string_finding","locations_finding.end","21418"
"10.1007_BF01040447","1","string_finding","pre_finding","ost influential of the four categories involved in the decision change analysis.

These conflicting f"
"10.1007_BF01040447","1","string_finding","post_finding","gs are consistent with the results of a number of studies of judicial decision making reviewed by Kon"
"10.1007_BF01040447","1","string_result","locations_result.start","5699"
"10.1007_BF01040447","2","string_result","locations_result.start","16073"
"10.1007_BF01040447","3","string_result","locations_result.start","18909"
"10.1007_BF01040447","4","string_result","locations_result.start","21445"
"10.1007_BF01040447","5","string_result","locations_result.start","22626"
"10.1007_BF01040447","6","string_result","locations_result.start","23116"
"10.1007_BF01040447","1","string_result","locations_result.end","5704"
"10.1007_BF01040447","2","string_result","locations_result.end","16078"
"10.1007_BF01040447","3","string_result","locations_result.end","18914"
"10.1007_BF01040447","4","string_result","locations_result.end","21450"
"10.1007_BF01040447","5","string_result","locations_result.end","22631"
"10.1007_BF01040447","6","string_result","locations_result.end","23121"
"10.1007_BF01040447","1","string_result","pre_result","uded that such factors as research methods and subject population have substantially influenced the r"
"10.1007_BF01040447","2","string_result","pre_result","ion) could also be analyzed in this way for each report format, and this analysis confirms the main r"
"10.1007_BF01040447","3","string_result","pre_result","icates consistency in the judges’ indications of what they found influential.

DISCUSSION  


These r"
"10.1007_BF01040447","4","string_result","pre_result","ories involved in the decision change analysis.

These conflicting findings are consistent with the r"
"10.1007_BF01040447","5","string_result","pre_result","nformation provided by the report is used by judges in sentencing and that, in particular, it often r"
"10.1007_BF01040447","6","string_result","pre_result","re significantly influenced by explicit sentencing recommendations made in presentence reports. The r"
"10.1007_BF01040447","1","string_result","post_result","ts in studies on sentencing. Rather than viewing this as an impasse they maintain that it is possible"
"10.1007_BF01040447","2","string_result","post_result","t shown in Table 1. The combination that excludes the relatively noninfluential Demographic section w"
"10.1007_BF01040447","3","string_result","post_result","ts indicate that information in presentence reports is used by judges engaged in decision making abou"
"10.1007_BF01040447","4","string_result","post_result","ts of a number of studies of judicial decision making reviewed by Konecni and Ebbesen (1984). They co"
"10.1007_BF01040447","5","string_result","post_result","ts in modification to provisional sentencing intentions. Thus, the social background information on o"
"10.1007_BF01040447","6","string_result","post_result","ts of this study were thus consistent with Konecni and Ebbesen’s (1984) conclusion that while items o"
