"doi","exemplar","type","key","value"
"10.1007_BF01044287","1","length","total_length","35419"
"10.1007_BF01044287","1","p_values","locations_p.start","23049"
"10.1007_BF01044287","2","p_values","locations_p.start","23205"
"10.1007_BF01044287","1","p_values","locations_p.end","23057"
"10.1007_BF01044287","2","p_values","locations_p.end","23212"
"10.1007_BF01044287","1","p_values","result","p<.001"
"10.1007_BF01044287","2","p_values","result","p<.05"
"10.1007_BF01044287","1","p_values","comparison","<"
"10.1007_BF01044287","2","p_values","comparison","<"
"10.1007_BF01044287","1","p_values","value",".001"
"10.1007_BF01044287","2","p_values","value",".05"
"10.1007_BF01044287","1","string_hypothesi","locations_hypothesi.start","29088"
"10.1007_BF01044287","1","string_hypothesi","locations_hypothesi.end","29096"
"10.1007_BF01044287","1","string_hypothesi","pre_hypothesi","nullification instructions. This analysis, of course, follows Kalven and Zeisel’s (1966) liberation h"
"10.1007_BF01044287","1","string_hypothesi","post_hypothesi","is.

If, in fact, the higher verdict scores (more guilt-prone scores), and the absence of a not guilt"
"10.1007_BF01044287","1","string_model","locations_model.start","1893"
"10.1007_BF01044287","2","string_model","locations_model.start","2094"
"10.1007_BF01044287","3","string_model","locations_model.start","2414"
"10.1007_BF01044287","4","string_model","locations_model.start","2761"
"10.1007_BF01044287","5","string_model","locations_model.start","6257"
"10.1007_BF01044287","1","string_model","locations_model.end","1897"
"10.1007_BF01044287","2","string_model","locations_model.end","2098"
"10.1007_BF01044287","3","string_model","locations_model.end","2418"
"10.1007_BF01044287","4","string_model","locations_model.end","2765"
"10.1007_BF01044287","5","string_model","locations_model.end","6261"
"10.1007_BF01044287","1","string_model","pre_model","rs have long been ambivalent as to the precise role of the jury in the trial process. The preferred m"
"10.1007_BF01044287","2","string_model","pre_model","s instructions as to the law and reach a verdict based solely on the evidence and the law. A second m"
"10.1007_BF01044287","3","string_model","pre_model","ence of a haven for those who have violated the letter, but not the spirit of the law.

This second m"
"10.1007_BF01044287","4","string_model","pre_model","rt, when those constraints conflict with the goals of justice (Scheflin &amp; Van Dyke, 1980). This m"
"10.1007_BF01044287","5","string_model","pre_model","bel act mandated, however, that the jury could err only in the direction of mercy, thus providing a m"
"10.1007_BF01044287","1","string_model","post_model","l of jury functioning, in its most pristine form, requires that the jury always follow the judge’s in"
"10.1007_BF01044287","2","string_model","post_model","l periodically surfaces which suggests that the jury can act as the conscience of the community and a"
"10.1007_BF01044287","3","string_model","post_model","l permits jurors to do what they think best in all circumstances. It allows juries flexibility to use"
"10.1007_BF01044287","4","string_model","post_model","l of jury nullification is perceived by its proponents as a process by which the jury elects to suspe"
"10.1007_BF01044287","5","string_model","post_model","l for modern jury nullification.

For much of the twentieth century, the jury nullification controver"
"10.1007_BF01044287","1","string_finding","locations_finding.start","25379"
"10.1007_BF01044287","2","string_finding","locations_finding.start","30385"
"10.1007_BF01044287","1","string_finding","locations_finding.end","25385"
"10.1007_BF01044287","2","string_finding","locations_finding.end","30391"
"10.1007_BF01044287","1","string_finding","pre_finding"," a significant difference for the murder case. As the table indicates, there were three significant f"
"10.1007_BF01044287","2","string_finding","pre_finding","yield significantly different verdicts in certain cases than do standard instructions. Whether this f"
"10.1007_BF01044287","1","string_finding","post_finding","gs; Jurors operating under RNI spent less time on the evidence of the case and discussed the nullific"
"10.1007_BF01044287","2","string_finding","post_finding","g indicates that these juries arrived at a more or less rational verdict than did their SPI and MI co"
"10.1007_BF01044287","1","string_result","locations_result.start","15487"
"10.1007_BF01044287","2","string_result","locations_result.start","15576"
"10.1007_BF01044287","3","string_result","locations_result.start","18946"
"10.1007_BF01044287","4","string_result","locations_result.start","25168"
"10.1007_BF01044287","5","string_result","locations_result.start","31495"
"10.1007_BF01044287","1","string_result","locations_result.end","15492"
"10.1007_BF01044287","2","string_result","locations_result.end","15581"
"10.1007_BF01044287","3","string_result","locations_result.end","18951"
"10.1007_BF01044287","4","string_result","locations_result.end","25173"
"10.1007_BF01044287","5","string_result","locations_result.end","31500"
"10.1007_BF01044287","1","string_result","pre_result","tion was as follows: “…you are entitled to act upon your conscientious feeling about what is a fair r"
"10.1007_BF01044287","2","string_result","pre_result"," is a fair result in this case and acquit the defendant if you believe that justice requires such a r"
"10.1007_BF01044287","3","string_result","pre_result"," that the law, as applied to the fact situation before them, would produce an inequitable or unjust r"
"10.1007_BF01044287","4","string_result","pre_result","5 juries exhibited various deliberation times, ranging from 15 to 60 minutes.

Table 2 presents the r"
"10.1007_BF01044287","5","string_result","pre_result",". Nevertheless, strenuous attempts were made to provide ecological validity in this experiment. The r"
"10.1007_BF01044287","1","string_result","post_result","t in this case and acquit the defendant if you believe that justice requires such a result.”

Obvious"
"10.1007_BF01044287","2","string_result","post_result","t.”

Obviously then, the nullification instruction can assume various forms. The present study propos"
"10.1007_BF01044287","3","string_result","post_result","t”

**B. Criminal Cases**

Three criminal cases were used. Two of these have been used in previous re"
"10.1007_BF01044287","4","string_result","post_result","ts of the content analysis of the deliberations for the drunk driving case. None of the categories yi"
"10.1007_BF01044287","5","string_result","post_result","ts indicate, given the caveats offered above, that juries in receipt of nullification instructions do"
