"doi","exemplar","type","key","value"
"10.1007_BF01044224","1","length","total_length","61161"
"10.1007_BF01044224","1","p_values","locations_p.start","29975"
"10.1007_BF01044224","2","p_values","locations_p.start","30623"
"10.1007_BF01044224","3","p_values","locations_p.start","32562"
"10.1007_BF01044224","4","p_values","locations_p.start","33382"
"10.1007_BF01044224","5","p_values","locations_p.start","33428"
"10.1007_BF01044224","6","p_values","locations_p.start","33471"
"10.1007_BF01044224","7","p_values","locations_p.start","33506"
"10.1007_BF01044224","8","p_values","locations_p.start","33571"
"10.1007_BF01044224","9","p_values","locations_p.start","34005"
"10.1007_BF01044224","10","p_values","locations_p.start","34062"
"10.1007_BF01044224","11","p_values","locations_p.start","34936"
"10.1007_BF01044224","12","p_values","locations_p.start","35136"
"10.1007_BF01044224","13","p_values","locations_p.start","35311"
"10.1007_BF01044224","14","p_values","locations_p.start","35486"
"10.1007_BF01044224","15","p_values","locations_p.start","35560"
"10.1007_BF01044224","16","p_values","locations_p.start","35634"
"10.1007_BF01044224","17","p_values","locations_p.start","36638"
"10.1007_BF01044224","18","p_values","locations_p.start","36840"
"10.1007_BF01044224","19","p_values","locations_p.start","36930"
"10.1007_BF01044224","20","p_values","locations_p.start","37360"
"10.1007_BF01044224","21","p_values","locations_p.start","37481"
"10.1007_BF01044224","22","p_values","locations_p.start","37823"
"10.1007_BF01044224","23","p_values","locations_p.start","38614"
"10.1007_BF01044224","24","p_values","locations_p.start","38689"
"10.1007_BF01044224","25","p_values","locations_p.start","39818"
"10.1007_BF01044224","26","p_values","locations_p.start","41263"
"10.1007_BF01044224","27","p_values","locations_p.start","41404"
"10.1007_BF01044224","28","p_values","locations_p.start","41867"
"10.1007_BF01044224","1","p_values","locations_p.end","29982"
"10.1007_BF01044224","2","p_values","locations_p.end","30630"
"10.1007_BF01044224","3","p_values","locations_p.end","32569"
"10.1007_BF01044224","4","p_values","locations_p.end","33389"
"10.1007_BF01044224","5","p_values","locations_p.end","33435"
"10.1007_BF01044224","6","p_values","locations_p.end","33478"
"10.1007_BF01044224","7","p_values","locations_p.end","33513"
"10.1007_BF01044224","8","p_values","locations_p.end","33579"
"10.1007_BF01044224","9","p_values","locations_p.end","34013"
"10.1007_BF01044224","10","p_values","locations_p.end","34070"
"10.1007_BF01044224","11","p_values","locations_p.end","34945"
"10.1007_BF01044224","12","p_values","locations_p.end","35144"
"10.1007_BF01044224","13","p_values","locations_p.end","35318"
"10.1007_BF01044224","14","p_values","locations_p.end","35493"
"10.1007_BF01044224","15","p_values","locations_p.end","35567"
"10.1007_BF01044224","16","p_values","locations_p.end","35642"
"10.1007_BF01044224","17","p_values","locations_p.end","36646"
"10.1007_BF01044224","18","p_values","locations_p.end","36848"
"10.1007_BF01044224","19","p_values","locations_p.end","36938"
"10.1007_BF01044224","20","p_values","locations_p.end","37368"
"10.1007_BF01044224","21","p_values","locations_p.end","37489"
"10.1007_BF01044224","22","p_values","locations_p.end","37830"
"10.1007_BF01044224","23","p_values","locations_p.end","38621"
"10.1007_BF01044224","24","p_values","locations_p.end","38696"
"10.1007_BF01044224","25","p_values","locations_p.end","39825"
"10.1007_BF01044224","26","p_values","locations_p.end","41271"
"10.1007_BF01044224","27","p_values","locations_p.end","41411"
"10.1007_BF01044224","28","p_values","locations_p.end","41874"
"10.1007_BF01044224","1","p_values","result","p=.05"
"10.1007_BF01044224","2","p_values","result","p<.02"
"10.1007_BF01044224","3","p_values","result","p<.05"
"10.1007_BF01044224","4","p_values","result","p<.05"
"10.1007_BF01044224","5","p_values","result","p<.08"
"10.1007_BF01044224","6","p_values","result","p<.01"
"10.1007_BF01044224","7","p_values","result","p<.01"
"10.1007_BF01044224","8","p_values","result","p<.001"
"10.1007_BF01044224","9","p_values","result","p<.001"
"10.1007_BF01044224","10","p_values","result","p<.001"
"10.1007_BF01044224","11","p_values","result","p<.0001"
"10.1007_BF01044224","12","p_values","result","p<.001"
"10.1007_BF01044224","13","p_values","result","p<.03"
"10.1007_BF01044224","14","p_values","result","p<.03"
"10.1007_BF01044224","15","p_values","result","p<.12"
"10.1007_BF01044224","16","p_values","result","p<.001"
"10.1007_BF01044224","17","p_values","result","p<.001"
"10.1007_BF01044224","18","p_values","result","p<.001"
"10.1007_BF01044224","19","p_values","result","p<.005"
"10.1007_BF01044224","20","p_values","result","p<.001"
"10.1007_BF01044224","21","p_values","result","p<.001"
"10.1007_BF01044224","22","p_values","result","p<.07"
"10.1007_BF01044224","23","p_values","result","p<.04"
"10.1007_BF01044224","24","p_values","result","p<.04"
"10.1007_BF01044224","25","p_values","result","p<.06"
"10.1007_BF01044224","26","p_values","result","p<.005"
"10.1007_BF01044224","27","p_values","result","p<.05"
"10.1007_BF01044224","28","p_values","result","p<.05"
"10.1007_BF01044224","1","p_values","comparison","="
"10.1007_BF01044224","2","p_values","comparison","<"
"10.1007_BF01044224","3","p_values","comparison","<"
"10.1007_BF01044224","4","p_values","comparison","<"
"10.1007_BF01044224","5","p_values","comparison","<"
"10.1007_BF01044224","6","p_values","comparison","<"
"10.1007_BF01044224","7","p_values","comparison","<"
"10.1007_BF01044224","8","p_values","comparison","<"
"10.1007_BF01044224","9","p_values","comparison","<"
"10.1007_BF01044224","10","p_values","comparison","<"
"10.1007_BF01044224","11","p_values","comparison","<"
"10.1007_BF01044224","12","p_values","comparison","<"
"10.1007_BF01044224","13","p_values","comparison","<"
"10.1007_BF01044224","14","p_values","comparison","<"
"10.1007_BF01044224","15","p_values","comparison","<"
"10.1007_BF01044224","16","p_values","comparison","<"
"10.1007_BF01044224","17","p_values","comparison","<"
"10.1007_BF01044224","18","p_values","comparison","<"
"10.1007_BF01044224","19","p_values","comparison","<"
"10.1007_BF01044224","20","p_values","comparison","<"
"10.1007_BF01044224","21","p_values","comparison","<"
"10.1007_BF01044224","22","p_values","comparison","<"
"10.1007_BF01044224","23","p_values","comparison","<"
"10.1007_BF01044224","24","p_values","comparison","<"
"10.1007_BF01044224","25","p_values","comparison","<"
"10.1007_BF01044224","26","p_values","comparison","<"
"10.1007_BF01044224","27","p_values","comparison","<"
"10.1007_BF01044224","28","p_values","comparison","<"
"10.1007_BF01044224","1","p_values","value",".05"
"10.1007_BF01044224","2","p_values","value",".02"
"10.1007_BF01044224","3","p_values","value",".05"
"10.1007_BF01044224","4","p_values","value",".05"
"10.1007_BF01044224","5","p_values","value",".08"
"10.1007_BF01044224","6","p_values","value",".01"
"10.1007_BF01044224","7","p_values","value",".01"
"10.1007_BF01044224","8","p_values","value",".001"
"10.1007_BF01044224","9","p_values","value",".001"
"10.1007_BF01044224","10","p_values","value",".001"
"10.1007_BF01044224","11","p_values","value",".0001"
"10.1007_BF01044224","12","p_values","value",".001"
"10.1007_BF01044224","13","p_values","value",".03"
"10.1007_BF01044224","14","p_values","value",".03"
"10.1007_BF01044224","15","p_values","value",".12"
"10.1007_BF01044224","16","p_values","value",".001"
"10.1007_BF01044224","17","p_values","value",".001"
"10.1007_BF01044224","18","p_values","value",".001"
"10.1007_BF01044224","19","p_values","value",".005"
"10.1007_BF01044224","20","p_values","value",".001"
"10.1007_BF01044224","21","p_values","value",".001"
"10.1007_BF01044224","22","p_values","value",".07"
"10.1007_BF01044224","23","p_values","value",".04"
"10.1007_BF01044224","24","p_values","value",".04"
"10.1007_BF01044224","25","p_values","value",".06"
"10.1007_BF01044224","26","p_values","value",".005"
"10.1007_BF01044224","27","p_values","value",".05"
"10.1007_BF01044224","28","p_values","value",".05"
"10.1007_BF01044224","1","string_hypothesi","locations_hypothesi.start","4463"
"10.1007_BF01044224","2","string_hypothesi","locations_hypothesi.start","12210"
"10.1007_BF01044224","3","string_hypothesi","locations_hypothesi.start","13377"
"10.1007_BF01044224","4","string_hypothesi","locations_hypothesi.start","46033"
"10.1007_BF01044224","1","string_hypothesi","locations_hypothesi.end","4471"
"10.1007_BF01044224","2","string_hypothesi","locations_hypothesi.end","12218"
"10.1007_BF01044224","3","string_hypothesi","locations_hypothesi.end","13385"
"10.1007_BF01044224","4","string_hypothesi","locations_hypothesi.end","46041"
"10.1007_BF01044224","1","string_hypothesi","pre_hypothesi","gal evidence, or distract them from their fact-finding responsibilities (Barber, 1987). It has been h"
"10.1007_BF01044224","2","string_hypothesi","pre_hypothesi","he goal of the present study, therefore, is to examine more precisely, in a controlled setting, the h"
"10.1007_BF01044224","3","string_hypothesi","pre_hypothesi","to the presence of media coverage without providing any specific information about the direction of h"
"10.1007_BF01044224","4","string_hypothesi","pre_hypothesi","ipants would hold more positive attitudes towards EMC than CMC or control witnesses. One might have h"
"10.1007_BF01044224","1","string_hypothesi","post_hypothesi","ized, for example, “that cameras make a trial notorious, encourage pretrial publicity detrimental to "
"10.1007_BF01044224","2","string_hypothesi","post_hypothesi","ized effects of EMC relative to conventional coverage (CMC) on witness behavior. Concerns about maxim"
"10.1007_BF01044224","3","string_hypothesi","post_hypothesi","ized EMC effects.

METHOD   


#### Subjects 

Subjects were 178 undergraduates enrolled in the intro"
"10.1007_BF01044224","4","string_hypothesi","post_hypothesi","ized that the comparatively greater nervousness and media awareness experienced by witnesses would be"
"10.1007_BF01044224","1","string_theor","locations_theor.start","6609"
"10.1007_BF01044224","1","string_theor","locations_theor.end","6613"
"10.1007_BF01044224","1","string_theor","pre_theor","era diminished over time leading to a nonsignificant net posttrial loss of information. Despite its t"
"10.1007_BF01044224","1","string_theor","post_theor","retical strengths, the external validity of this study is also limited by the lack of a CMC condition"
"10.1007_BF01044224","1","string_account","locations_account.start","3922"
"10.1007_BF01044224","2","string_account","locations_account.start","7166"
"10.1007_BF01044224","1","string_account","locations_account.end","3928"
"10.1007_BF01044224","2","string_account","locations_account.end","7172"
"10.1007_BF01044224","1","string_account","pre_account","al effects of EMC (e.g., educational benefits of public access to the courtroom, increased judicial a"
"10.1007_BF01044224","2","string_account","pre_account","ences in televised trials (Supreme Court of Florida, 1978). This survey, however, did not take into a"
"10.1007_BF01044224","1","string_account","post_account","tability, etc.) have been neglected by social science researchers (Altheide, 1985; for exceptions, se"
"10.1007_BF01044224","2","string_account","post_account","t the amount of time that elapsed between the participants’ respective trials or the date they comple"
"10.1007_BF01044224","1","string_data","locations_data.start","7343"
"10.1007_BF01044224","2","string_data","locations_data.start","8181"
"10.1007_BF01044224","3","string_data","locations_data.start","8397"
"10.1007_BF01044224","4","string_data","locations_data.start","9022"
"10.1007_BF01044224","5","string_data","locations_data.start","9052"
"10.1007_BF01044224","6","string_data","locations_data.start","9552"
"10.1007_BF01044224","7","string_data","locations_data.start","9965"
"10.1007_BF01044224","8","string_data","locations_data.start","10004"
"10.1007_BF01044224","9","string_data","locations_data.start","11175"
"10.1007_BF01044224","10","string_data","locations_data.start","11453"
"10.1007_BF01044224","11","string_data","locations_data.start","11772"
"10.1007_BF01044224","12","string_data","locations_data.start","34577"
"10.1007_BF01044224","13","string_data","locations_data.start","38357"
"10.1007_BF01044224","14","string_data","locations_data.start","52201"
"10.1007_BF01044224","1","string_data","locations_data.end","7346"
"10.1007_BF01044224","2","string_data","locations_data.end","8184"
"10.1007_BF01044224","3","string_data","locations_data.end","8400"
"10.1007_BF01044224","4","string_data","locations_data.end","9025"
"10.1007_BF01044224","5","string_data","locations_data.end","9055"
"10.1007_BF01044224","6","string_data","locations_data.end","9555"
"10.1007_BF01044224","7","string_data","locations_data.end","9968"
"10.1007_BF01044224","8","string_data","locations_data.end","10007"
"10.1007_BF01044224","9","string_data","locations_data.end","11178"
"10.1007_BF01044224","10","string_data","locations_data.end","11456"
"10.1007_BF01044224","11","string_data","locations_data.end","11775"
"10.1007_BF01044224","12","string_data","locations_data.end","34580"
"10.1007_BF01044224","13","string_data","locations_data.end","38360"
"10.1007_BF01044224","14","string_data","locations_data.end","52204"
"10.1007_BF01044224","1","string_data","pre_data","trials or the date they completed the questionnaires. Furthermore, the unreliability of self-report d"
"10.1007_BF01044224","2","string_data","pre_data","sconsin, 1979). Even Chief Justice Burger in Chandler noted these empirical limitations: “While the d"
"10.1007_BF01044224","3","string_data","pre_data","tentially inhere in electronic coverage of trials, even the Florida Supreme Court conceded that the d"
"10.1007_BF01044224","4","string_data","pre_data","ature” (p. 21). In order to compare EMC effects to CMC effects, they collected survey and interview d"
"10.1007_BF01044224","5","string_data","pre_data","mpare EMC effects to CMC effects, they collected survey and interview data as well as observational d"
"10.1007_BF01044224","6","string_data","pre_data","bance, or impairment of courtroom decorum and dignity. In another comparison based on observational d"
"10.1007_BF01044224","7","string_data","pre_data","f media while controlling for type of case. Sample size, however, was too small to provide reliable d"
"10.1007_BF01044224","8","string_data","pre_data","ase. Sample size, however, was too small to provide reliable data. Finally, comparative attitudinal d"
"10.1007_BF01044224","9","string_data","pre_data","2) criticized the selection of “base-line” (conventional coverage) trials used in the observational d"
"10.1007_BF01044224","10","string_data","pre_data","t. Any interpretation of these results, therefore, must be qualified by the increased likelihood of d"
"10.1007_BF01044224","11","string_data","pre_data",") or in retrials.

Although most states already have made policy decisions about EMC, the empirical d"
"10.1007_BF01044224","12","string_data","pre_data","rvousness, collapsed across the number of witnesses they observed. Thus, each juror contributes one d"
"10.1007_BF01044224","13","string_data","pre_data"," media coverage. Again, as with juror perception of witness nervousness, each juror contributed one d"
"10.1007_BF01044224","14","string_data","pre_data","as well, legal policy decisions concerning “cameras in court” would be well served by a multimethod d"
"10.1007_BF01044224","1","string_data","post_data","a collected over such a long time interval was not considered when the investigators asked witnesses "
"10.1007_BF01044224","2","string_data","post_data","a thus far assembled are cause for some optimism about the ability of the states to minimize the prob"
"10.1007_BF01044224","3","string_data","post_data","a were ‘limited’…and ‘non-scientific,’ ” (p. 576). With the possible exception of one project, none o"
"10.1007_BF01044224","4","string_data","post_data","a as well as observational data on behavioral attributes of the participants and the courtroom enviro"
"10.1007_BF01044224","5","string_data","post_data","a on behavioral attributes of the participants and the courtroom environment. The comparison involved"
"10.1007_BF01044224","6","string_data","post_data","a, they found that the ability of judges, attorneys, and witnesses to communicate effectively was not"
"10.1007_BF01044224","7","string_data","post_data","a. Finally, comparative attitudinal data from EMC-experienced and EMC-nonexperienced jurors revealed "
"10.1007_BF01044224","8","string_data","post_data","a from EMC-experienced and EMC-nonexperienced jurors revealed that experienced jurors tended to hold "
"10.1007_BF01044224","9","string_data","post_data","a. The California researchers selected trials with conventional coverage only or intermittent camera "
"10.1007_BF01044224","10","string_data","post_data","a contamination in trials that were covered both by CMC and EMC, either intermittently (coverage was "
"10.1007_BF01044224","11","string_data","post_data","a base has not and does not scientifically support conclusions concerning the causal impact of EMC on"
"10.1007_BF01044224","12","string_data","post_data","a point, although different jurors observed different numbers of witnesses. A series of one-way analy"
"10.1007_BF01044224","13","string_data","post_data","a point, consisting of his or her mean rating collapsed across the number of witnesses he or she obse"
"10.1007_BF01044224","14","string_data","post_data","a base. To date, unfortunately, those states adopting and not adopting EMC of courtroom trials have b"
"10.1007_BF01044224","1","string_finding","locations_finding.start","4410"
"10.1007_BF01044224","2","string_finding","locations_finding.start","10175"
"10.1007_BF01044224","3","string_finding","locations_finding.start","16624"
"10.1007_BF01044224","4","string_finding","locations_finding.start","37629"
"10.1007_BF01044224","5","string_finding","locations_finding.start","43859"
"10.1007_BF01044224","6","string_finding","locations_finding.start","44539"
"10.1007_BF01044224","7","string_finding","locations_finding.start","45749"
"10.1007_BF01044224","8","string_finding","locations_finding.start","49032"
"10.1007_BF01044224","9","string_finding","locations_finding.start","49634"
"10.1007_BF01044224","1","string_finding","locations_finding.end","4416"
"10.1007_BF01044224","2","string_finding","locations_finding.end","10181"
"10.1007_BF01044224","3","string_finding","locations_finding.end","16630"
"10.1007_BF01044224","4","string_finding","locations_finding.end","37635"
"10.1007_BF01044224","5","string_finding","locations_finding.end","43865"
"10.1007_BF01044224","6","string_finding","locations_finding.end","44545"
"10.1007_BF01044224","7","string_finding","locations_finding.end","45755"
"10.1007_BF01044224","8","string_finding","locations_finding.end","49038"
"10.1007_BF01044224","9","string_finding","locations_finding.end","49640"
"10.1007_BF01044224","1","string_finding","pre_finding","and make them more nervous, impair their recall of legal evidence, or distract them from their fact-f"
"10.1007_BF01044224","2","string_finding","pre_finding","xperienced jurors tended to hold more favorable attitudes towards EMC than nonexperienced jurors, a f"
"10.1007_BF01044224","3","string_finding","pre_finding","ming the importance of this study. This letter was included to bolster the belief that the research f"
"10.1007_BF01044224","4","string_finding","pre_finding","itnesses in their respective trials were more distracted by (as well as more aware of) the media, a f"
"10.1007_BF01044224","5","string_finding","pre_finding","s study did not impede recall of facts to any greater extent than CMC or the no-media control. Such f"
"10.1007_BF01044224","6","string_finding","pre_finding","ted. EMC witness testimony was seen as being as fluent and as clear as CMC witness testimony. These f"
"10.1007_BF01044224","7","string_finding","pre_finding","rent conclusion concerning the believability of witness testimony than did CMC.

In addition to the f"
"10.1007_BF01044224","8","string_finding","pre_finding","ated EMC witnesses’ ability to communicate as highly as they rated their non-EMC counterparts.

The f"
"10.1007_BF01044224","9","string_finding","pre_finding","he trial. Yet, because laboratory courtrooms are simply not a substitute for actual courtrooms, our f"
"10.1007_BF01044224","1","string_finding","post_finding","g responsibilities (Barber, 1987). It has been hypothesized, for example, “that cameras make a trial "
"10.1007_BF01044224","2","string_finding","post_finding","g that supports Davis’s (1980) observation that those who are most anxious about EMC tend to be those"
"10.1007_BF01044224","3","string_finding","post_finding","gs were of interest to local judges. The experimenter further emphasized the importance of the study "
"10.1007_BF01044224","4","string_finding","post_finding","g that is consistent with results from several state surveys as well as the California evaluation stu"
"10.1007_BF01044224","5","string_finding","post_finding","gs do not seem to support the concerns of those in the media who believe that cameras “would be a dis"
"10.1007_BF01044224","6","string_finding","post_finding","gs are important in evaluating courtroom innovations like EMC because there is social psychological e"
"10.1007_BF01044224","7","string_finding","post_finding","gs that neither memory performance nor social communication were adversely affected by EMC, the prese"
"10.1007_BF01044224","8","string_finding","post_finding","gs of the present study, however, must be qualified for several reasons. The external validity of a l"
"10.1007_BF01044224","9","string_finding","post_finding","gs are limited accordingly. Another shortcoming of the study, although inherent in field experiments "
"10.1007_BF01044224","1","string_result","locations_result.start","6296"
"10.1007_BF01044224","2","string_result","locations_result.start","6445"
"10.1007_BF01044224","3","string_result","locations_result.start","11384"
"10.1007_BF01044224","4","string_result","locations_result.start","12100"
"10.1007_BF01044224","5","string_result","locations_result.start","16347"
"10.1007_BF01044224","6","string_result","locations_result.start","18974"
"10.1007_BF01044224","7","string_result","locations_result.start","20627"
"10.1007_BF01044224","8","string_result","locations_result.start","29202"
"10.1007_BF01044224","9","string_result","locations_result.start","37661"
"10.1007_BF01044224","10","string_result","locations_result.start","41680"
"10.1007_BF01044224","11","string_result","locations_result.start","42352"
"10.1007_BF01044224","12","string_result","locations_result.start","48409"
"10.1007_BF01044224","1","string_result","locations_result.end","6301"
"10.1007_BF01044224","2","string_result","locations_result.end","6450"
"10.1007_BF01044224","3","string_result","locations_result.end","11389"
"10.1007_BF01044224","4","string_result","locations_result.end","12105"
"10.1007_BF01044224","5","string_result","locations_result.end","16352"
"10.1007_BF01044224","6","string_result","locations_result.end","18979"
"10.1007_BF01044224","7","string_result","locations_result.end","20632"
"10.1007_BF01044224","8","string_result","locations_result.end","29207"
"10.1007_BF01044224","9","string_result","locations_result.end","37666"
"10.1007_BF01044224","10","string_result","locations_result.end","41685"
"10.1007_BF01044224","11","string_result","locations_result.end","42357"
"10.1007_BF01044224","12","string_result","locations_result.end","48414"
"10.1007_BF01044224","1","string_result","pre_result","ome, they completed several recall measures concerning the details of the trial. Contrary to Hoyt’s r"
"10.1007_BF01044224","2","string_result","pre_result"," condition demonstrated poorer recall than those in the no-camera condition. Kassin qualified these r"
"10.1007_BF01044224","3","string_result","pre_result","onventional coverage, or EMC trials that were retried with CMC present. Any interpretation of these r"
"10.1007_BF01044224","4","string_result","pre_result"," evidence, and reasonably valid field studies are at best too few in number (one) to generalize the r"
"10.1007_BF01044224","5","string_result","pre_result","mony. Judges are particularly interested in cases where jurors decide the outcome of the trial. The r"
"10.1007_BF01044224","6","string_result","pre_result","ted in the effects of the presence of videotapes on legal proceedings. As we mentioned earlier, the r"
"10.1007_BF01044224","7","string_result","pre_result","ed in the effects of the presence of journalists on legal proceedings. As we mentioned earlier, the r"
"10.1007_BF01044224","8","string_result","pre_result","imony was clear, believable, fluent, planned, rehearsed, spontaneous, and excited.

RESULTS  


The r"
"10.1007_BF01044224","9","string_result","pre_result","als were more distracted by (as well as more aware of) the media, a finding that is consistent with r"
"10.1007_BF01044224","10","string_result","pre_result","s were converted using an arcsin transformation and ANOVAs were performed. Similar to the raw score r"
"10.1007_BF01044224","11","string_result","pre_result","ects of electronic media coverage on witness behavior. Relative to conventional media coverage, the r"
"10.1007_BF01044224","12","string_result","pre_result",", while our study does not address whether EMC has any extended public effects (Gerbner, 1980), the r"
"10.1007_BF01044224","1","string_result","post_result","ts, Kassin found that subjects in the camera condition demonstrated poorer recall than those in the n"
"10.1007_BF01044224","2","string_result","post_result","ts by noting that the initial distraction effect of the camera diminished over time leading to a nons"
"10.1007_BF01044224","3","string_result","post_result","ts, therefore, must be qualified by the increased likelihood of data contamination in trials that wer"
"10.1007_BF01044224","4","string_result","post_result","ts. The goal of the present study, therefore, is to examine more precisely, in a controlled setting, "
"10.1007_BF01044224","5","string_result","post_result","ts of this study will be used to modify current legal proceedings in Hennepin County.

Subjects were "
"10.1007_BF01044224","6","string_result","post_result","ts of this study will be used in making future legal decisions concerning the media in Minnesota cour"
"10.1007_BF01044224","7","string_result","post_result","ts of this study will be used in making future legal decisions concerning the media in Minnesota cour"
"10.1007_BF01044224","8","string_result","post_result","ts are presented in terms of the four clusters of dependent measures that directly assess the psychol"
"10.1007_BF01044224","9","string_result","post_result","ts from several state surveys as well as the California evaluation study of EMC (Short, 1981). Finall"
"10.1007_BF01044224","10","string_result","post_result","ts, there were no significant univariate effects except for the average number of lawyer prompts. Aga"
"10.1007_BF01044224","11","string_result","post_result","ts generally showed that the presence of the camera did have some perceived psychological effects. Un"
"10.1007_BF01044224","12","string_result","post_result","ts suggest that EMC may not impair witness recall or the ability to present credible testimony. In Es"
