"doi","exemplar","type","key","value"
"10.1007_BF01044291","1","length","total_length","58630"
"10.1007_BF01044291","1","p_values","locations_p.start","25426"
"10.1007_BF01044291","2","p_values","locations_p.start","43197"
"10.1007_BF01044291","1","p_values","locations_p.end","25433"
"10.1007_BF01044291","2","p_values","locations_p.end","43204"
"10.1007_BF01044291","1","p_values","result","p<.01"
"10.1007_BF01044291","2","p_values","result","p<.05"
"10.1007_BF01044291","1","p_values","comparison","<"
"10.1007_BF01044291","2","p_values","comparison","<"
"10.1007_BF01044291","1","p_values","value",".01"
"10.1007_BF01044291","2","p_values","value",".05"
"10.1007_BF01044291","1","string_hypothesi","locations_hypothesi.start","24987"
"10.1007_BF01044291","2","string_hypothesi","locations_hypothesi.start","27089"
"10.1007_BF01044291","1","string_hypothesi","locations_hypothesi.end","24995"
"10.1007_BF01044291","2","string_hypothesi","locations_hypothesi.end","27097"
"10.1007_BF01044291","1","string_hypothesi","pre_hypothesi","sociated with the number of different schematic interpretations articulated in a deliberation. This h"
"10.1007_BF01044291","2","string_hypothesi","pre_hypothesi","ios articulated in the latter stages of a deliberation, as well as in the early going. To test this h"
"10.1007_BF01044291","1","string_hypothesi","post_hypothesi","is is confirmed by data from the mock deliberations studied here. The correlation between number of i"
"10.1007_BF01044291","2","string_hypothesi","post_hypothesi","is, the number of schematic interpretations initially appearing in each third of a deliberation was n"
"10.1007_BF01044291","1","string_theor","locations_theor.start","3559"
"10.1007_BF01044291","2","string_theor","locations_theor.start","4085"
"10.1007_BF01044291","3","string_theor","locations_theor.start","11049"
"10.1007_BF01044291","4","string_theor","locations_theor.start","55164"
"10.1007_BF01044291","5","string_theor","locations_theor.start","55858"
"10.1007_BF01044291","1","string_theor","locations_theor.end","3563"
"10.1007_BF01044291","2","string_theor","locations_theor.end","4089"
"10.1007_BF01044291","3","string_theor","locations_theor.end","11053"
"10.1007_BF01044291","4","string_theor","locations_theor.end","55168"
"10.1007_BF01044291","5","string_theor","locations_theor.end","55862"
"10.1007_BF01044291","1","string_theor","pre_theor","vast array of information continuously presenting itself. This resonates with a substantial body of t"
"10.1007_BF01044291","2","string_theor","pre_theor","govern events”; these organizing structures he calls “frames.” These formulations comport well with t"
"10.1007_BF01044291","3","string_theor","pre_theor","cations of this process for juries’ decisions, it is a topic that has been neglected in other major t"
"10.1007_BF01044291","4","string_theor","pre_theor",", 1975.

Kaplan, M., Steindorf, J., &amp; Iervolino, A.Courtrooms, politics, and morality; Toward a t"
"10.1007_BF01044291","5","string_theor","pre_theor","ty. San Francisco, California: Freeman, 1976.

Ostrom, T., Werner, C., &amp; Saks, M.An integration t"
"10.1007_BF01044291","1","string_theor","post_theor","ry and empirical research on human cognition generated in both phenomenological sociology and cogniti"
"10.1007_BF01044291","2","string_theor","post_theor","ries of schematic processing from the psychological literature concerning cognition, perception, and "
"10.1007_BF01044291","3","string_theor","post_theor","retical formulations of the juror’s task. For example, “information integration” (Kaplan, 1975; Kapla"
"10.1007_BF01044291","4","string_theor","post_theor","retical integration. Personality and Social Psychology Bulletin, 1978, 4, 155–160.

Kerr, N., Atkin, "
"10.1007_BF01044291","5","string_theor","post_theor","ry analysis of jurors’ presumptions of guilt or innocence. Journal of Personality and Social Psycholo"
"10.1007_BF01044291","1","string_account","locations_account.start","7728"
"10.1007_BF01044291","2","string_account","locations_account.start","7976"
"10.1007_BF01044291","3","string_account","locations_account.start","8682"
"10.1007_BF01044291","4","string_account","locations_account.start","10372"
"10.1007_BF01044291","5","string_account","locations_account.start","10901"
"10.1007_BF01044291","6","string_account","locations_account.start","11489"
"10.1007_BF01044291","7","string_account","locations_account.start","17073"
"10.1007_BF01044291","8","string_account","locations_account.start","17227"
"10.1007_BF01044291","9","string_account","locations_account.start","32396"
"10.1007_BF01044291","10","string_account","locations_account.start","34746"
"10.1007_BF01044291","11","string_account","locations_account.start","34957"
"10.1007_BF01044291","12","string_account","locations_account.start","37381"
"10.1007_BF01044291","13","string_account","locations_account.start","37654"
"10.1007_BF01044291","14","string_account","locations_account.start","52400"
"10.1007_BF01044291","15","string_account","locations_account.start","52571"
"10.1007_BF01044291","1","string_account","locations_account.end","7734"
"10.1007_BF01044291","2","string_account","locations_account.end","7982"
"10.1007_BF01044291","3","string_account","locations_account.end","8688"
"10.1007_BF01044291","4","string_account","locations_account.end","10378"
"10.1007_BF01044291","5","string_account","locations_account.end","10907"
"10.1007_BF01044291","6","string_account","locations_account.end","11495"
"10.1007_BF01044291","7","string_account","locations_account.end","17079"
"10.1007_BF01044291","8","string_account","locations_account.end","17233"
"10.1007_BF01044291","9","string_account","locations_account.end","32402"
"10.1007_BF01044291","10","string_account","locations_account.end","34752"
"10.1007_BF01044291","11","string_account","locations_account.end","34963"
"10.1007_BF01044291","12","string_account","locations_account.end","37387"
"10.1007_BF01044291","13","string_account","locations_account.end","37660"
"10.1007_BF01044291","14","string_account","locations_account.end","52406"
"10.1007_BF01044291","15","string_account","locations_account.end","52577"
"10.1007_BF01044291","1","string_account","pre_account","cription schematically portraying a scenario of the situation in question may serve as a persuasive a"
"10.1007_BF01044291","2","string_account","pre_account","rs of a case via stories, jurors may engage in the same conversational practice as they explain and a"
"10.1007_BF01044291","3","string_account","pre_account","lations, and outcomes; they are jurors’ articulated notions of what transpired that are produced as a"
"10.1007_BF01044291","4","string_account","pre_account"," Jurors’ practices of articulating schematic interpretations—scenarios of “what really happened”—as a"
"10.1007_BF01044291","5","string_account","pre_account","r decision making. While this study focuses mainly on this component of the jurors’ task—presenting a"
"10.1007_BF01044291","6","string_account","pre_account","ical evaluation and algebraic combination of information. But in the pro cess, they fail to provide a"
"10.1007_BF01044291","7","string_account","pre_account"," they think about it. Perhaps more profitably, we may view articulated schematic interpretations as a"
"10.1007_BF01044291","8","string_account","pre_account","e consequential scene that are presented to support particular conclusions that have been drawn. As a"
"10.1007_BF01044291","9","string_account","pre_account","t really happened and which verdict is more appropriate. As the deliberation proceeds, jury members a"
"10.1007_BF01044291","10","string_account","pre_account"," to the community, so the defendant was merely helping the State by removing the dirty bricks. This a"
"10.1007_BF01044291","11","string_account","pre_account","eel they belonged to anybody.” In a sense, these two jurors have suggested two rather contradictory a"
"10.1007_BF01044291","12","string_account","pre_account","it more often than not confuses the issue. The utility of articulating schematic interpretations as a"
"10.1007_BF01044291","13","string_account","pre_account","bination seems worse.

DISCUSSION  


Jurors’ practice of articulating schematic interpretations to a"
"10.1007_BF01044291","14","string_account","pre_account","is. These conversational data also reveal that jurors frequently draw analogies or suggest parallel a"
"10.1007_BF01044291","15","string_account","pre_account","ons of it, to more familiar, or better understood, events or circumstances. Relations between these a"
"10.1007_BF01044291","1","string_account","post_account","t or justification for the preferred verdict choice. Just as Bennett and Feldman (1981) saw attorneys"
"10.1007_BF01044291","2","string_account","post_account","t for their own decisions and try to persuade their colleagues as they deliberate a case.

To better "
"10.1007_BF01044291","3","string_account","post_account","ts for verdict choices. While we might infer something about jurors’ psychological processing of tria"
"10.1007_BF01044291","4","string_account","post_account","ts for jurors’ decisions are documented and some effects of these practices on the deliberations’ fin"
"10.1007_BF01044291","5","string_account","post_account","ts of “what really happened”—and the implications of this process for juries’ decisions, it is a topi"
"10.1007_BF01044291","6","string_account","post_account","ts for how trial information is assembled into a coherent unit to be assessed and combined into a jud"
"10.1007_BF01044291","7","string_account","post_account","ts supporting jurors’ decisions—depictions of the consequential scene that are presented to support p"
"10.1007_BF01044291","8","string_account","post_account","ts, jurors’ verbalized interpretations may be used to justify and promote candidate verdicts, or, the"
"10.1007_BF01044291","9","string_account","post_account","t for their verdict choices and persuade others of the correctness of those choices by presenting the"
"10.1007_BF01044291","10","string_account","post_account","t of the defendant’s actions seemingly denies juror (2)’s earlier claim that “he (the defendant) didn"
"10.1007_BF01044291","11","string_account","post_account","ts for the same verdict choice. They present two different pictures of “what really happened” even th"
"10.1007_BF01044291","12","string_account","post_account","ts for candidate verdicts does not appear to be cumulative; if one scenario is good, two are not like"
"10.1007_BF01044291","13","string_account","post_account","t for their verdict choices appears to be an important feature of the jury deliberation process. As j"
"10.1007_BF01044291","14","string_account","post_account","ts that liken the situation in question, and jurors’ interpretations of it, to more familiar, or bett"
"10.1007_BF01044291","15","string_account","post_account","ts, jurors’ interpretations, and jury verdicts are also currently being analyzed.

18 Deliberation tr"
"10.1007_BF01044291","1","string_model","locations_model.start","10788"
"10.1007_BF01044291","2","string_model","locations_model.start","11252"
"10.1007_BF01044291","3","string_model","locations_model.start","44928"
"10.1007_BF01044291","4","string_model","locations_model.start","47282"
"10.1007_BF01044291","5","string_model","locations_model.start","53206"
"10.1007_BF01044291","6","string_model","locations_model.start","56041"
"10.1007_BF01044291","7","string_model","locations_model.start","56301"
"10.1007_BF01044291","1","string_model","locations_model.end","10792"
"10.1007_BF01044291","2","string_model","locations_model.end","11256"
"10.1007_BF01044291","3","string_model","locations_model.end","44932"
"10.1007_BF01044291","4","string_model","locations_model.end","47286"
"10.1007_BF01044291","5","string_model","locations_model.end","53210"
"10.1007_BF01044291","6","string_model","locations_model.end","56045"
"10.1007_BF01044291","7","string_model","locations_model.end","56305"
"10.1007_BF01044291","1","string_model","pre_model","ocence. Indeed, it is only one of seven major subtasks identified in Pennington and Hastie’s (1981) m"
"10.1007_BF01044291","2","string_model","pre_model","lan et al., 1978; Ostrom et al., 1978) and “Bayesian” (Schum, 1975, 1977; Schum &amp; Martin, 1982) m"
"10.1007_BF01044291","3","string_model","pre_model","prehensive, or influential. Following from Pennington and Hastie’s (1981) or Bennett’s (1978, 1979) m"
"10.1007_BF01044291","4","string_model","pre_model","e.” Implicit, then, in their discussion of the internal consistency of probability assessments is a m"
"10.1007_BF01044291","5","string_model","pre_model","tions as rationales for their decisions.

REFERENCES

Bennett, W.Storytelling in criminal trials: A m"
"10.1007_BF01044291","6","string_model","pre_model","ty and Social Psychology, 1978, 36, 436–450.

Pennington, N., &amp; Hastie, R.Juror decision-making m"
"10.1007_BF01044291","7","string_model","pre_model","educed credibility. Human Factors, 1975, 17, 172–182; The behavioral richness of cascaded inference m"
"10.1007_BF01044291","1","string_model","post_model","l of juror decision making. While this study focuses mainly on this component of the jurors’ task—pre"
"10.1007_BF01044291","2","string_model","post_model","ls of juror decision making have been primarily concerned with the specification of processes describ"
"10.1007_BF01044291","3","string_model","post_model","ls of jury decision making, one might, for example, assess features of individual interpretations lik"
"10.1007_BF01044291","4","string_model","post_model","l of actual juror behavior (to be contrasted with ideal or possible behavior) that tacitly incorporat"
"10.1007_BF01044291","5","string_model","post_model","l of social judgment. Quarterly Journal of Speech, 1978, 64, 1–22; Rhetorical transformation of evide"
"10.1007_BF01044291","6","string_model","post_model","ls: The generalization gap. Psychological Bulletin, 1981, 89(2), 246–287.

Schum, D.The weighting of "
"10.1007_BF01044291","7","string_model","post_model","ls: Examples in jurisprudence. In Castellan, N., Pijoni, D., and Potts, G. (Eds.), Cognitive Theory ("
"10.1007_BF01044291","1","string_data","locations_data.start","6330"
"10.1007_BF01044291","2","string_data","locations_data.start","6602"
"10.1007_BF01044291","3","string_data","locations_data.start","13402"
"10.1007_BF01044291","4","string_data","locations_data.start","25014"
"10.1007_BF01044291","5","string_data","locations_data.start","31471"
"10.1007_BF01044291","6","string_data","locations_data.start","38726"
"10.1007_BF01044291","7","string_data","locations_data.start","41612"
"10.1007_BF01044291","8","string_data","locations_data.start","45413"
"10.1007_BF01044291","9","string_data","locations_data.start","46530"
"10.1007_BF01044291","10","string_data","locations_data.start","51809"
"10.1007_BF01044291","11","string_data","locations_data.start","52325"
"10.1007_BF01044291","1","string_data","locations_data.end","6333"
"10.1007_BF01044291","2","string_data","locations_data.end","6605"
"10.1007_BF01044291","3","string_data","locations_data.end","13405"
"10.1007_BF01044291","4","string_data","locations_data.end","25017"
"10.1007_BF01044291","5","string_data","locations_data.end","31474"
"10.1007_BF01044291","6","string_data","locations_data.end","38729"
"10.1007_BF01044291","7","string_data","locations_data.end","41615"
"10.1007_BF01044291","8","string_data","locations_data.end","45416"
"10.1007_BF01044291","9","string_data","locations_data.end","46533"
"10.1007_BF01044291","10","string_data","locations_data.end","51812"
"10.1007_BF01044291","11","string_data","locations_data.end","52328"
"10.1007_BF01044291","1","string_data","pre_data","rring the myriad informational items that comprise it to interpretive schemata that structure these d"
"10.1007_BF01044291","2","string_data","pre_data"," storing, recovering, combining, and outputting information as they transform diverse and disparate d"
"10.1007_BF01044291","3","string_data","pre_data","se mock deliberations were audio tape-recorded and transcribed, and they provide the conversational d"
"10.1007_BF01044291","4","string_data","pre_data"," different schematic interpretations articulated in a deliberation. This hypothesis is confirmed by d"
"10.1007_BF01044291","5","string_data","pre_data","s, while the other 11 juries hung.

While the small number of cases make generalizations from these d"
"10.1007_BF01044291","6","string_data","pre_data","r reconstructing interpretations of the case at hand. Along similar lines, one might argue from the d"
"10.1007_BF01044291","7","string_data","pre_data","ematic interpretations, or types of interpretations, and jury verdicts.

Additional analysis of the d"
"10.1007_BF01044291","8","string_data","pre_data","ell, is the internal consistency and credibility of an interpretation displayed? The conversational d"
"10.1007_BF01044291","9","string_data","pre_data","y talk about those interpretations as they make group decisions. Further analysis of conversational d"
"10.1007_BF01044291","10","string_data","pre_data","ticulated. The juries’ verdicts were scored 0 if not guilty, 1 if hung, and 2 if guilty.

17 In the d"
"10.1007_BF01044291","11","string_data","pre_data","n, jurors’ articulation of interpretations), is the topic of ongoing analysis. These conversational d"
"10.1007_BF01044291","1","string_data","post_data","a so that the case is perceived in some coherent, meaningful form that permits a legal judgment. Inte"
"10.1007_BF01044291","2","string_data","post_data","a into a cognitive scenario of “what is going on here.”

Given each juror’s unique stock of knowledge"
"10.1007_BF01044291","3","string_data","post_data","a to be analyzed here.

Examination of the transcripts reveals that jurors focus their group decision"
"10.1007_BF01044291","4","string_data","post_data","a from the mock deliberations studied here. The correlation between number of interpretations articul"
"10.1007_BF01044291","5","string_data","post_data","a merely suggestive, one might argue that jurors supporting a particular candidate verdict do not hel"
"10.1007_BF01044291","6","string_data","post_data","a presented here that simply manipulating the number of interpretations suggested to a jury could be "
"10.1007_BF01044291","7","string_data","post_data","a described here, for example, reveals that jurors are capable of constructing a wide variety of inte"
"10.1007_BF01044291","8","string_data","post_data","a discussed here suggest that one might examine the relations between jurors’ interpretation and othe"
"10.1007_BF01044291","9","string_data","post_data","a from jury deliberations may reveal additional relations between jurors interpretations and jury ver"
"10.1007_BF01044291","10","string_data","post_data","a analyzed here, the jurors’ interpretation most highly associated with jurors’ verdicts was also sig"
"10.1007_BF01044291","11","string_data","post_data","a also reveal that jurors frequently draw analogies or suggest parallel accounts that liken the situa"
"10.1007_BF01044291","1","string_finding","locations_finding.start","39396"
"10.1007_BF01044291","2","string_finding","locations_finding.start","41218"
"10.1007_BF01044291","3","string_finding","locations_finding.start","47949"
"10.1007_BF01044291","1","string_finding","locations_finding.end","39402"
"10.1007_BF01044291","2","string_finding","locations_finding.end","41224"
"10.1007_BF01044291","3","string_finding","locations_finding.end","47955"
"10.1007_BF01044291","1","string_finding","pre_finding","h hard liquor and entrapped by FBI agents (Time, 13 October 1980). It is not hard to imagine jurors f"
"10.1007_BF01044291","2","string_finding","pre_finding","pretations articulated and the jury’s likelihood of reaching a unanimous decision. Hopefully, these f"
"10.1007_BF01044291","3","string_finding","pre_finding"," The original intent was to use six-person juries based upon their widespread use and upon research f"
"10.1007_BF01044291","1","string_finding","post_finding","g these two versions of “what really happened” to be somewhat contradictory. Consequently, neither ma"
"10.1007_BF01044291","2","string_finding","post_finding","gs will stimulate further examination of the jury deliberation process, and jurors’ interpretation, r"
"10.1007_BF01044291","3","string_finding","post_finding","gs suggesting the similarity of six-and twelve-person juries (Davis et al., 1975); On a number of occ"
"10.1007_BF01044291","1","string_result","locations_result.start","7098"
"10.1007_BF01044291","2","string_result","locations_result.start","30151"
"10.1007_BF01044291","3","string_result","locations_result.start","42764"
"10.1007_BF01044291","4","string_result","locations_result.start","43275"
"10.1007_BF01044291","5","string_result","locations_result.start","44309"
"10.1007_BF01044291","1","string_result","locations_result.end","7103"
"10.1007_BF01044291","2","string_result","locations_result.end","30156"
"10.1007_BF01044291","3","string_result","locations_result.end","42769"
"10.1007_BF01044291","4","string_result","locations_result.end","43280"
"10.1007_BF01044291","5","string_result","locations_result.end","44314"
"10.1007_BF01044291","1","string_result","pre_result","ions of what took place. Conflicting opinions regarding the resolution of the case may consequently r"
"10.1007_BF01044291","2","string_result","pre_result","” As such, the group decision-making task becomes more complex, takes more conversational work, and r"
"10.1007_BF01044291","3","string_result","pre_result","retations also militates against resolving the case in any fashion, 12 of these deliberations (75%) r"
"10.1007_BF01044291","4","string_result","pre_result","he defendant (r = .32, p < .05). This interpretation was presented in 20 deliberations; 14 of these r"
"10.1007_BF01044291","5","string_result","pre_result","not significantly correlated with guilty verdicts. Only two deliberations in which it was presented r"
"10.1007_BF01044291","1","string_result","post_result","t. When this happens, jurors must utilize the group deliberation to alter rival jurors’ opinions. Whi"
"10.1007_BF01044291","2","string_result","post_result","ts in fewer resolved cases. Still, unanimous verdicts were achieved 72% of the time.

When more than "
"10.1007_BF01044291","3","string_result","post_result","ted in hung juries.

Only one of the 15 schematic interpretations occurring in the mock deliberations"
"10.1007_BF01044291","4","string_result","post_result","ted in convictions, while the remaining 6 juries hung. It was the only interpretation that was associ"
"10.1007_BF01044291","5","string_result","post_result","ted in convictions, while four juries hung and one acquitted (one of the two convictions came in a de"
