"doi","exemplar","type","key","value"
"10.1007_BF01044382","1","length","total_length","55643"
"10.1007_BF01044382","1","p_values","locations_p.start","26815"
"10.1007_BF01044382","2","p_values","locations_p.start","27106"
"10.1007_BF01044382","3","p_values","locations_p.start","27194"
"10.1007_BF01044382","4","p_values","locations_p.start","27300"
"10.1007_BF01044382","5","p_values","locations_p.start","28479"
"10.1007_BF01044382","6","p_values","locations_p.start","28668"
"10.1007_BF01044382","7","p_values","locations_p.start","29198"
"10.1007_BF01044382","8","p_values","locations_p.start","29329"
"10.1007_BF01044382","9","p_values","locations_p.start","29433"
"10.1007_BF01044382","10","p_values","locations_p.start","29605"
"10.1007_BF01044382","11","p_values","locations_p.start","30310"
"10.1007_BF01044382","12","p_values","locations_p.start","33240"
"10.1007_BF01044382","13","p_values","locations_p.start","34279"
"10.1007_BF01044382","14","p_values","locations_p.start","34309"
"10.1007_BF01044382","15","p_values","locations_p.start","37735"
"10.1007_BF01044382","16","p_values","locations_p.start","38701"
"10.1007_BF01044382","17","p_values","locations_p.start","38884"
"10.1007_BF01044382","1","p_values","locations_p.end","26823"
"10.1007_BF01044382","2","p_values","locations_p.end","27113"
"10.1007_BF01044382","3","p_values","locations_p.end","27201"
"10.1007_BF01044382","4","p_values","locations_p.end","27307"
"10.1007_BF01044382","5","p_values","locations_p.end","28486"
"10.1007_BF01044382","6","p_values","locations_p.end","28675"
"10.1007_BF01044382","7","p_values","locations_p.end","29205"
"10.1007_BF01044382","8","p_values","locations_p.end","29336"
"10.1007_BF01044382","9","p_values","locations_p.end","29440"
"10.1007_BF01044382","10","p_values","locations_p.end","29612"
"10.1007_BF01044382","11","p_values","locations_p.end","30317"
"10.1007_BF01044382","12","p_values","locations_p.end","33248"
"10.1007_BF01044382","13","p_values","locations_p.end","34287"
"10.1007_BF01044382","14","p_values","locations_p.end","34317"
"10.1007_BF01044382","15","p_values","locations_p.end","37743"
"10.1007_BF01044382","16","p_values","locations_p.end","38708"
"10.1007_BF01044382","17","p_values","locations_p.end","38891"
"10.1007_BF01044382","1","p_values","result","p<.038"
"10.1007_BF01044382","2","p_values","result","p<.02"
"10.1007_BF01044382","3","p_values","result","p<.05"
"10.1007_BF01044382","4","p_values","result","p<.02"
"10.1007_BF01044382","5","p_values","result","p<.05"
"10.1007_BF01044382","6","p_values","result","p<.01"
"10.1007_BF01044382","7","p_values","result","p<.01"
"10.1007_BF01044382","8","p_values","result","p<.001"
"10.1007_BF01044382","9","p_values","result","p=.07"
"10.1007_BF01044382","10","p_values","result","p<.01"
"10.1007_BF01044382","11","p_values","result","p<.05"
"10.1007_BF01044382","12","p_values","result","p<.005"
"10.1007_BF01044382","13","p_values","result","p<.001"
"10.1007_BF01044382","14","p_values","result","p<.001"
"10.1007_BF01044382","15","p_values","result","p<.01"
"10.1007_BF01044382","16","p_values","result","p<.02"
"10.1007_BF01044382","17","p_values","result","p<.09"
"10.1007_BF01044382","1","p_values","comparison","<"
"10.1007_BF01044382","2","p_values","comparison","<"
"10.1007_BF01044382","3","p_values","comparison","<"
"10.1007_BF01044382","4","p_values","comparison","<"
"10.1007_BF01044382","5","p_values","comparison","<"
"10.1007_BF01044382","6","p_values","comparison","<"
"10.1007_BF01044382","7","p_values","comparison","<"
"10.1007_BF01044382","8","p_values","comparison","<"
"10.1007_BF01044382","9","p_values","comparison","="
"10.1007_BF01044382","10","p_values","comparison","<"
"10.1007_BF01044382","11","p_values","comparison","<"
"10.1007_BF01044382","12","p_values","comparison","<"
"10.1007_BF01044382","13","p_values","comparison","<"
"10.1007_BF01044382","14","p_values","comparison","<"
"10.1007_BF01044382","15","p_values","comparison","<"
"10.1007_BF01044382","16","p_values","comparison","<"
"10.1007_BF01044382","17","p_values","comparison","<"
"10.1007_BF01044382","1","p_values","value",".038"
"10.1007_BF01044382","2","p_values","value",".02"
"10.1007_BF01044382","3","p_values","value",".05"
"10.1007_BF01044382","4","p_values","value",".02"
"10.1007_BF01044382","5","p_values","value",".05"
"10.1007_BF01044382","6","p_values","value",".01"
"10.1007_BF01044382","7","p_values","value",".01"
"10.1007_BF01044382","8","p_values","value",".001"
"10.1007_BF01044382","9","p_values","value",".07"
"10.1007_BF01044382","10","p_values","value",".01"
"10.1007_BF01044382","11","p_values","value",".05"
"10.1007_BF01044382","12","p_values","value",".005"
"10.1007_BF01044382","13","p_values","value",".001"
"10.1007_BF01044382","14","p_values","value",".001"
"10.1007_BF01044382","15","p_values","value",".01"
"10.1007_BF01044382","16","p_values","value",".02"
"10.1007_BF01044382","17","p_values","value",".09"
"10.1007_BF01044382","1","string_hypothesi","locations_hypothesi.start","13678"
"10.1007_BF01044382","1","string_hypothesi","locations_hypothesi.end","13686"
"10.1007_BF01044382","1","string_hypothesi","pre_hypothesi","lications of this information are representative of the population. It is reasonable, therefore, to h"
"10.1007_BF01044382","1","string_hypothesi","post_hypothesi","ize that the existence of a severely injured plaintiff will serve as an anchor for jurors and will dr"
"10.1007_BF01044382","1","string_theor","locations_theor.start","10978"
"10.1007_BF01044382","2","string_theor","locations_theor.start","11010"
"10.1007_BF01044382","3","string_theor","locations_theor.start","11566"
"10.1007_BF01044382","4","string_theor","locations_theor.start","19799"
"10.1007_BF01044382","5","string_theor","locations_theor.start","49800"
"10.1007_BF01044382","1","string_theor","locations_theor.end","10982"
"10.1007_BF01044382","2","string_theor","locations_theor.end","11014"
"10.1007_BF01044382","3","string_theor","locations_theor.end","11570"
"10.1007_BF01044382","4","string_theor","locations_theor.end","19803"
"10.1007_BF01044382","5","string_theor","locations_theor.end","49804"
"10.1007_BF01044382","1","string_theor","pre_theor","ach of the issues just outlined can be evaluated from the perspective of psychological research and t"
"10.1007_BF01044382","2","string_theor","pre_theor","can be evaluated from the perspective of psychological research and theory. Research on attribution t"
"10.1007_BF01044382","3","string_theor","pre_theor","te similarity to all the group members. Wilder found evidence for a fundamental rule of attribution t"
"10.1007_BF01044382","4","string_theor","pre_theor","lse and misleading information as to the true state of affairs was also presented.

The plaintiffs’ t"
"10.1007_BF01044382","5","string_theor","pre_theor","and Human Behavior, 9, 339–354.

Collins, A. M., &amp; Loftus, E. F. (1975). A spreading activation t"
"10.1007_BF01044382","1","string_theor","post_theor","ry. Research on attribution theory, for example, suggests that an individual, compared to the members"
"10.1007_BF01044382","2","string_theor","post_theor","ry, for example, suggests that an individual, compared to the members of a group, is perceived to be "
"10.1007_BF01044382","3","string_theor","post_theor","ry: The common behaviors of people perceived to be members of a group are attributed to situational f"
"10.1007_BF01044382","4","string_theor","post_theor","ry of damages resides in the theme that not only have they been put at excess risk by their exposure "
"10.1007_BF01044382","5","string_theor","post_theor","ry of semantic processing. Psychological Review, 82, 407–428.

Compagnie Francaise D’Assurance v Phil"
"10.1007_BF01044382","1","string_account","locations_account.start","11978"
"10.1007_BF01044382","2","string_account","locations_account.start","34346"
"10.1007_BF01044382","3","string_account","locations_account.start","34400"
"10.1007_BF01044382","4","string_account","locations_account.start","34448"
"10.1007_BF01044382","5","string_account","locations_account.start","36242"
"10.1007_BF01044382","6","string_account","locations_account.start","36359"
"10.1007_BF01044382","7","string_account","locations_account.start","37756"
"10.1007_BF01044382","8","string_account","locations_account.start","38722"
"10.1007_BF01044382","9","string_account","locations_account.start","45353"
"10.1007_BF01044382","1","string_account","locations_account.end","11984"
"10.1007_BF01044382","2","string_account","locations_account.end","34352"
"10.1007_BF01044382","3","string_account","locations_account.end","34406"
"10.1007_BF01044382","4","string_account","locations_account.end","34454"
"10.1007_BF01044382","5","string_account","locations_account.end","36248"
"10.1007_BF01044382","6","string_account","locations_account.end","36365"
"10.1007_BF01044382","7","string_account","locations_account.end","37762"
"10.1007_BF01044382","8","string_account","locations_account.end","38728"
"10.1007_BF01044382","9","string_account","locations_account.end","45359"
"10.1007_BF01044382","1","string_account","pre_account"," by a commonality of exposure to a harmful agent and subsequent insult and injury will be held less a"
"10.1007_BF01044382","2","string_account","pre_account","onical functions (F(2,28) = 4.22, p < .001, and F(1,28) = 2.89, p < .001, respectively). Function 1 a"
"10.1007_BF01044382","3","string_account","pre_account",") = 2.89, p < .001, respectively). Function 1 accounted for 70.2% of the variance, while function 2 a"
"10.1007_BF01044382","4","string_account","pre_account","counted for 70.2% of the variance, while function 2 accounted for 12.4%. Canonical variates 1 and 2 a"
"10.1007_BF01044382","5","string_account","pre_account","e/pdh/lhb/lhb-12-3-209-tbl5a.gif)Canonical Correlations: Punitive Damages

Again, functions 1 and 2 a"
"10.1007_BF01044382","6","string_account","pre_account"," majority of the variance, 83.18% and 8.74%, respectively. The two significant canonical covariates a"
"10.1007_BF01044382","7","string_account","pre_account","e two sets of variables entered (using Hotelling’s criterion), F(20,82) = 3.73, p  < .01 (Rc = .86, a"
"10.1007_BF01044382","8","string_account","pre_account"," a significant relationship between the two sets of variables, F(40,82) = 3.39, p < .02 (Rc = .85), a"
"10.1007_BF01044382","9","string_account","pre_account","and degree of awards and perceptions, within those conditions juries’ behavior varied widely.

What a"
"10.1007_BF01044382","1","string_account","post_account","table for their actions. Observers likely will perceive that these people were acted upon and are not"
"10.1007_BF01044382","2","string_account","post_account","ted for 70.2% of the variance, while function 2 accounted for 12.4%. Canonical variates 1 and 2 accou"
"10.1007_BF01044382","3","string_account","post_account","ted for 12.4%. Canonical variates 1 and 2 accounted for 25.28% and 12.71% of the variance, respective"
"10.1007_BF01044382","4","string_account","post_account","ted for 25.28% and 12.71% of the variance, respectively. Table 4 shows the results of this analysis. "
"10.1007_BF01044382","5","string_account","post_account","ted for the majority of the variance, 83.18% and 8.74%, respectively. The two significant canonical c"
"10.1007_BF01044382","6","string_account","post_account","ted for 28.09% and 8.74%.

Function 1 suggests that blame assigned to the defendant makes higher puni"
"10.1007_BF01044382","7","string_account","post_account","ting for 73.6% of the variance). A dimension reduction analysis revealed that only one function was s"
"10.1007_BF01044382","8","string_account","post_account","ting for 77.9% of the variance. A dimension reduction analysis, however, showed that the first functi"
"10.1007_BF01044382","9","string_account","post_account","ts for such variability? One possibility, of course, is that it is peculiar to the manipulations in t"
"10.1007_BF01044382","1","string_model","locations_model.start","13086"
"10.1007_BF01044382","1","string_model","locations_model.end","13090"
"10.1007_BF01044382","1","string_model","pre_model","ive mean. Observers, when confronted with so many clusters of information, tend to use an averaging m"
"10.1007_BF01044382","1","string_model","post_model","l, which may, however, be heavily influenced by the person perceived as most extreme (Leon, Oden, &am"
"10.1007_BF01044382","1","string_data","locations_data.start","24635"
"10.1007_BF01044382","2","string_data","locations_data.start","25747"
"10.1007_BF01044382","3","string_data","locations_data.start","25935"
"10.1007_BF01044382","4","string_data","locations_data.start","26560"
"10.1007_BF01044382","5","string_data","locations_data.start","26647"
"10.1007_BF01044382","6","string_data","locations_data.start","28244"
"10.1007_BF01044382","7","string_data","locations_data.start","28770"
"10.1007_BF01044382","8","string_data","locations_data.start","37562"
"10.1007_BF01044382","9","string_data","locations_data.start","43431"
"10.1007_BF01044382","10","string_data","locations_data.start","48883"
"10.1007_BF01044382","1","string_data","locations_data.end","24638"
"10.1007_BF01044382","2","string_data","locations_data.end","25750"
"10.1007_BF01044382","3","string_data","locations_data.end","25938"
"10.1007_BF01044382","4","string_data","locations_data.end","26563"
"10.1007_BF01044382","5","string_data","locations_data.end","26650"
"10.1007_BF01044382","6","string_data","locations_data.end","28247"
"10.1007_BF01044382","7","string_data","locations_data.end","28773"
"10.1007_BF01044382","8","string_data","locations_data.end","37565"
"10.1007_BF01044382","9","string_data","locations_data.end","43434"
"10.1007_BF01044382","10","string_data","locations_data.end","48886"
"10.1007_BF01044382","1","string_data","pre_data","t potential jurors were scheduled for each six-person jury. Whenever possible, in order to expedite d"
"10.1007_BF01044382","2","string_data","pre_data","nitive damages a 3 × 2 MANOVA (run through SPSS-X) was used. Descriptive statistics showed that the d"
"10.1007_BF01044382","3","string_data","pre_data","fs were positively skewed. The skewness was reduced by applying a square-root transformation to the d"
"10.1007_BF01044382","4","string_data","pre_data","oth bivariate Pearson correlation coefficients and canonical correlation analyses. Where necessary, d"
"10.1007_BF01044382","5","string_data","pre_data","e necessary, data were transformed to meet the assumptions of the multivariate tests applied to the d"
"10.1007_BF01044382","6","string_data","pre_data","ffect of the distal plaintiff population appears to be somewhat muted as compared to the no outlier d"
"10.1007_BF01044382","7","string_data","pre_data"," < .01.

**Compensatory Damages**

A 3 × 2 MANOVA performed on the transformed compensatory damages d"
"10.1007_BF01044382","8","string_data","pre_data","ers’ arguments variable was reflexed and then square-root transformed due to a negative skew in the d"
"10.1007_BF01044382","9","string_data","pre_data","orth of the cases under the several experimental manipulations (outlier and distal population). The d"
"10.1007_BF01044382","10","string_data","pre_data","e would take quite a different form than it does now.

It may very well be, however, that empirical d"
"10.1007_BF01044382","1","string_data","post_data","a collection, multiple juries were scheduled at the same time. Juries sat separately in the moot cour"
"10.1007_BF01044382","2","string_data","post_data","a from the punitive damages, compensatory damages, and fault assigned to the plaintiffs were positive"
"10.1007_BF01044382","3","string_data","post_data","a (Tabachnick &amp; Fidell, 1983). As a result of the transformation the numbers reported below can b"
"10.1007_BF01044382","4","string_data","post_data","a were transformed to meet the assumptions of the multivariate tests applied to the data.

**Punitive"
"10.1007_BF01044382","5","string_data","post_data","a.

**Punitive Damages**

The MANOVA (using Hotellings’ criterion) revealed a significant main effect"
"10.1007_BF01044382","6","string_data","post_data","a presented in Figure 1.

The results of the ANOVAs performed on the punitive damage awards for the i"
"10.1007_BF01044382","7","string_data","post_data","a revealed no significant effects of either the size of the distal plaintiff population or the presen"
"10.1007_BF01044382","8","string_data","post_data","a (Tabachnick &amp; Fidell, 1983). The results showed a significant relationship between the two sets"
"10.1007_BF01044382","9","string_data","post_data","a suggest that, not unlike Hensler et al.’s (1985) contention, juries assume that the less severely i"
"10.1007_BF01044382","10","string_data","post_data","a, while informing the debate, may not be as relevant as the observation that the function of the jur"
"10.1007_BF01044382","1","string_finding","locations_finding.start","26957"
"10.1007_BF01044382","2","string_finding","locations_finding.start","27121"
"10.1007_BF01044382","3","string_finding","locations_finding.start","30479"
"10.1007_BF01044382","4","string_finding","locations_finding.start","30755"
"10.1007_BF01044382","5","string_finding","locations_finding.start","31842"
"10.1007_BF01044382","6","string_finding","locations_finding.start","32051"
"10.1007_BF01044382","7","string_finding","locations_finding.start","40386"
"10.1007_BF01044382","8","string_finding","locations_finding.start","40447"
"10.1007_BF01044382","9","string_finding","locations_finding.start","42512"
"10.1007_BF01044382","10","string_finding","locations_finding.start","46205"
"10.1007_BF01044382","11","string_finding","locations_finding.start","47553"
"10.1007_BF01044382","1","string_finding","locations_finding.end","26963"
"10.1007_BF01044382","2","string_finding","locations_finding.end","27127"
"10.1007_BF01044382","3","string_finding","locations_finding.end","30485"
"10.1007_BF01044382","4","string_finding","locations_finding.end","30761"
"10.1007_BF01044382","5","string_finding","locations_finding.end","31848"
"10.1007_BF01044382","6","string_finding","locations_finding.end","32057"
"10.1007_BF01044382","7","string_finding","locations_finding.end","40392"
"10.1007_BF01044382","8","string_finding","locations_finding.end","40453"
"10.1007_BF01044382","9","string_finding","locations_finding.end","42518"
"10.1007_BF01044382","10","string_finding","locations_finding.end","46211"
"10.1007_BF01044382","11","string_finding","locations_finding.end","47559"
"10.1007_BF01044382","1","string_finding","pre_finding","man stepdown analysis were performed on the results for each plaintiff and revealed one significant f"
"10.1007_BF01044382","2","string_finding","pre_finding","er punitive awards as the size of the plaintiff population increased, F(2,30) = 4.48, p < .02. This f"
"10.1007_BF01044382","3","string_finding","pre_finding","dicts for all 11 experimental conditions. The interesting feature shown in Table 1 is the number of f"
"10.1007_BF01044382","4","string_finding","pre_finding","dition, and in the disaggregated trials, appeared to find distinctions among the plaintiffs, juries f"
"10.1007_BF01044382","5","string_finding","pre_finding","punitive awards for the aggregated experimental conditions. While Figures 1 and 2 capture the basic f"
"10.1007_BF01044382","6","string_finding","pre_finding","hy is the much greater variability in awards in the outlier condition, due in part to the liability f"
"10.1007_BF01044382","7","string_finding","pre_finding","lity exists in this condition than in the no outlier condition. There were more instances of juries f"
"10.1007_BF01044382","8","string_finding","pre_finding","n. There were more instances of juries finding for the defendant in the outlier condition, that is, f"
"10.1007_BF01044382","9","string_finding","pre_finding"," was relatively unrestrained increased the degree of responsibility assigned to the defendant.

The f"
"10.1007_BF01044382","10","string_finding","pre_finding","ently.

The only actual evidence we are cognizant of that may add confidence to the validity of the f"
"10.1007_BF01044382","11","string_finding","pre_finding"," the vagaries of jury trial in complex cases. Aside from the issue of the generality of the current f"
"10.1007_BF01044382","1","string_finding","post_finding","g. The univariate ANOVAs plaintiff Gallimore received higher punitive awards as the size of the plain"
"10.1007_BF01044382","2","string_finding","post_finding","g was mirrored by the results of the stepdown test (F(2,27) = 5.78, p < .05).

A significant effect o"
"10.1007_BF01044382","3","string_finding","post_finding","gs for the defendant in the outlier condition. Recall that significantly higher punitive awards were "
"10.1007_BF01044382","4","string_finding","post_finding","g for the defendant in the outlier condition appeared—once they decided liability could not be assign"
"10.1007_BF01044382","5","string_finding","post_finding","gs shown in Table 2, the table reflects the wide range of awards given in all conditions. Also notewo"
"10.1007_BF01044382","6","string_finding","post_finding","gs.  
  
![lhb-12-3-209-tbl2a.gif](http://largecontent.ebsco-content.com/embimages/68bcc86203c38576d7"
"10.1007_BF01044382","7","string_finding","post_finding","g for the defendant in the outlier condition, that is, finding the company not liable. Interestingly,"
"10.1007_BF01044382","8","string_finding","post_finding","g the company not liable. Interestingly, in the instances in which liability was not found, juries te"
"10.1007_BF01044382","9","string_finding","post_finding","gs as to the effects of plaintiffs being aggregated or not suggest that a plaintiff with a relatively"
"10.1007_BF01044382","10","string_finding","post_finding","gs of this study are the results of a trial conducted in Judge Robert Parker’s courtroom in the Easte"
"10.1007_BF01044382","11","string_finding","post_finding","gs as well as those reported in Judge Parker’s court, the controversy does not have a base line again"
"10.1007_BF01044382","1","string_result","locations_result.start","12126"
"10.1007_BF01044382","2","string_result","locations_result.start","25978"
"10.1007_BF01044382","3","string_result","locations_result.start","26901"
"10.1007_BF01044382","4","string_result","locations_result.start","27149"
"10.1007_BF01044382","5","string_result","locations_result.start","28277"
"10.1007_BF01044382","6","string_result","locations_result.start","28403"
"10.1007_BF01044382","7","string_result","locations_result.start","29447"
"10.1007_BF01044382","8","string_result","locations_result.start","33972"
"10.1007_BF01044382","9","string_result","locations_result.start","34011"
"10.1007_BF01044382","10","string_result","locations_result.start","34529"
"10.1007_BF01044382","11","string_result","locations_result.start","35968"
"10.1007_BF01044382","12","string_result","locations_result.start","36511"
"10.1007_BF01044382","13","string_result","locations_result.start","37604"
"10.1007_BF01044382","14","string_result","locations_result.start","45009"
"10.1007_BF01044382","15","string_result","locations_result.start","46236"
"10.1007_BF01044382","16","string_result","locations_result.start","47690"
"10.1007_BF01044382","17","string_result","locations_result.start","47995"
"10.1007_BF01044382","18","string_result","locations_result.start","48504"
"10.1007_BF01044382","1","string_result","locations_result.end","12131"
"10.1007_BF01044382","2","string_result","locations_result.end","25983"
"10.1007_BF01044382","3","string_result","locations_result.end","26906"
"10.1007_BF01044382","4","string_result","locations_result.end","27154"
"10.1007_BF01044382","5","string_result","locations_result.end","28282"
"10.1007_BF01044382","6","string_result","locations_result.end","28408"
"10.1007_BF01044382","7","string_result","locations_result.end","29452"
"10.1007_BF01044382","8","string_result","locations_result.end","33977"
"10.1007_BF01044382","9","string_result","locations_result.end","34016"
"10.1007_BF01044382","10","string_result","locations_result.end","34534"
"10.1007_BF01044382","11","string_result","locations_result.end","35973"
"10.1007_BF01044382","12","string_result","locations_result.end","36516"
"10.1007_BF01044382","13","string_result","locations_result.end","37609"
"10.1007_BF01044382","14","string_result","locations_result.end","45014"
"10.1007_BF01044382","15","string_result","locations_result.end","46241"
"10.1007_BF01044382","16","string_result","locations_result.end","47695"
"10.1007_BF01044382","17","string_result","locations_result.end","48000"
"10.1007_BF01044382","18","string_result","locations_result.end","48509"
"10.1007_BF01044382","1","string_result","pre_result","will perceive that these people were acted upon and are not responsible for their injuries. The net r"
"10.1007_BF01044382","2","string_result","pre_result"," reduced by applying a square-root transformation to the data (Tabachnick &amp; Fidell, 1983). As a r"
"10.1007_BF01044382","3","string_result","pre_result","(8,52) = 2.25, p < .038. Univariate tests and a Roy-Bargman stepdown analysis were performed on the r"
"10.1007_BF01044382","4","string_result","pre_result","ze of the plaintiff population increased, F(2,30) = 4.48, p < .02. This finding was mirrored by the r"
"10.1007_BF01044382","5","string_result","pre_result","ulation appears to be somewhat muted as compared to the no outlier data presented in Figure 1.

The r"
"10.1007_BF01044382","6","string_result","pre_result","ormed on the punitive damage awards for the individual plaintiffs yielded the following significant r"
"10.1007_BF01044382","7","string_result","pre_result","ally, there was a marginally significant effect for plaintiff Stengel, F(2,30) = 3.91, p = .07. The r"
"10.1007_BF01044382","8","string_result","pre_result","riables for each plaintiff, using assignment of fault as the covariates. First, we will look at the r"
"10.1007_BF01044382","9","string_result","pre_result","nment of fault as the covariates. First, we will look at the results for compensatory damages.

The r"
"10.1007_BF01044382","10","string_result","pre_result","l variates 1 and 2 accounted for 25.28% and 12.71% of the variance, respectively. Table 4 shows the r"
"10.1007_BF01044382","11","string_result","pre_result","able.

The punitive damage awards suggest a similar pattern as shown by Table 5, which presents the r"
"10.1007_BF01044382","12","string_result","pre_result"," that blame assigned to the defendant makes higher punitive damages more likely. Furthermore, these r"
"10.1007_BF01044382","13","string_result","pre_result","hen square-root transformed due to a negative skew in the data (Tabachnick &amp; Fidell, 1983). The r"
"10.1007_BF01044382","14","string_result","pre_result","e issue here goes beyond every researcher’s fear that an augmented error term may obscure important r"
"10.1007_BF01044382","15","string_result","pre_result","e we are cognizant of that may add confidence to the validity of the findings of this study are the r"
"10.1007_BF01044382","16","string_result","pre_result"," Judge Parker’s court, the controversy does not have a base line against which to compare these two r"
"10.1007_BF01044382","17","string_result","pre_result","which so often occur in very similar criminal cases by consulting with one another on criteria, the r"
"10.1007_BF01044382","18","string_result","pre_result","t of justice. It is therefore important to place the variability of jury verdicts in the context of r"
"10.1007_BF01044382","1","string_result","post_result","t, we suspect, is that the dollar awards for the disaggregated (nongroup) plaintiffs will be lower th"
"10.1007_BF01044382","2","string_result","post_result","t of the transformation the numbers reported below can be interpreted as medians (Tabachnick &amp; Fi"
"10.1007_BF01044382","3","string_result","post_result","ts for each plaintiff and revealed one significant finding. The univariate ANOVAs plaintiff Gallimore"
"10.1007_BF01044382","4","string_result","post_result","ts of the stepdown test (F(2,27) = 5.78, p < .05).

A significant effect of the outlier also appeared"
"10.1007_BF01044382","5","string_result","post_result","ts of the ANOVAs performed on the punitive damage awards for the individual plaintiffs yielded the fo"
"10.1007_BF01044382","6","string_result","post_result","ts: Lamont’s awards increased in the outlier condition, F(1,30) = 5.61, p < .05. Gallimore’s awards ("
"10.1007_BF01044382","7","string_result","post_result","ts from a Roy-Bargman stepdown test verify that plaintiff Gallimore was the primary reason for the si"
"10.1007_BF01044382","8","string_result","post_result","ts for compensatory damages.

The results of the canonical analysis, relating compensatory damages wi"
"10.1007_BF01044382","9","string_result","post_result","ts of the canonical analysis, relating compensatory damages with the date Northern should have known "
"10.1007_BF01044382","10","string_result","post_result","ts of this analysis.  
  
![lhb-12-3-209-tbl4a.gif](http://largecontent.ebsco-content.com/embimages/6"
"10.1007_BF01044382","11","string_result","post_result","ts of the canonical correlation for that measure.  
  
![lhb-12-3-209-tbl5a.gif](http://largecontent."
"10.1007_BF01044382","12","string_result","post_result","ts also indicate that as the size of the distal plaintiff population increases, so does the likelihoo"
"10.1007_BF01044382","13","string_result","post_result","ts showed a significant relationship between the two sets of variables entered (using Hotelling’s cri"
"10.1007_BF01044382","14","string_result","post_result","ts. Indeed, there is no gainsaying such fears in this research. However, an overarching concern is th"
"10.1007_BF01044382","15","string_result","post_result","ts of a trial conducted in Judge Robert Parker’s courtroom in the Eastern District of Texas. In this "
"10.1007_BF01044382","16","string_result","post_result","ts. We do not know that Judges would, in the event, be any more consistent than juries may have been."
"10.1007_BF01044382","17","string_result","post_result","t may be an increase in variability (Federal Judicial Center report, 1981).

Furthermore, Kassin (198"
"10.1007_BF01044382","18","string_result","post_result","ts obtained by other judicial devices (Willging, 1987). It may be argued that the unpredictability of"
