"doi","exemplar","type","key","value"
"10.1007_BF01044378","1","length","total_length","64391"
"10.1007_BF01044378","1","p_values","locations_p.start","23844"
"10.1007_BF01044378","2","p_values","locations_p.start","25829"
"10.1007_BF01044378","3","p_values","locations_p.start","41260"
"10.1007_BF01044378","4","p_values","locations_p.start","43212"
"10.1007_BF01044378","1","p_values","locations_p.end","23853"
"10.1007_BF01044378","2","p_values","locations_p.end","25836"
"10.1007_BF01044378","3","p_values","locations_p.end","41269"
"10.1007_BF01044378","4","p_values","locations_p.end","43220"
"10.1007_BF01044378","1","p_values","result","p<.0001"
"10.1007_BF01044378","2","p_values","result","p<.01"
"10.1007_BF01044378","3","p_values","result","p<.0001"
"10.1007_BF01044378","4","p_values","result","p<.006"
"10.1007_BF01044378","1","p_values","comparison","<"
"10.1007_BF01044378","2","p_values","comparison","<"
"10.1007_BF01044378","3","p_values","comparison","<"
"10.1007_BF01044378","4","p_values","comparison","<"
"10.1007_BF01044378","1","p_values","value",".0001"
"10.1007_BF01044378","2","p_values","value",".01"
"10.1007_BF01044378","3","p_values","value",".0001"
"10.1007_BF01044378","4","p_values","value",".006"
"10.1007_BF01044378","1","string_hypothesi","locations_hypothesi.start","8325"
"10.1007_BF01044378","2","string_hypothesi","locations_hypothesi.start","10640"
"10.1007_BF01044378","3","string_hypothesi","locations_hypothesi.start","10969"
"10.1007_BF01044378","4","string_hypothesi","locations_hypothesi.start","26912"
"10.1007_BF01044378","5","string_hypothesi","locations_hypothesi.start","30690"
"10.1007_BF01044378","6","string_hypothesi","locations_hypothesi.start","33282"
"10.1007_BF01044378","7","string_hypothesi","locations_hypothesi.start","34369"
"10.1007_BF01044378","8","string_hypothesi","locations_hypothesi.start","45116"
"10.1007_BF01044378","1","string_hypothesi","locations_hypothesi.end","8333"
"10.1007_BF01044378","2","string_hypothesi","locations_hypothesi.end","10648"
"10.1007_BF01044378","3","string_hypothesi","locations_hypothesi.end","10977"
"10.1007_BF01044378","4","string_hypothesi","locations_hypothesi.end","26920"
"10.1007_BF01044378","5","string_hypothesi","locations_hypothesi.end","30698"
"10.1007_BF01044378","6","string_hypothesi","locations_hypothesi.end","33290"
"10.1007_BF01044378","7","string_hypothesi","locations_hypothesi.end","34377"
"10.1007_BF01044378","8","string_hypothesi","locations_hypothesi.end","45124"
"10.1007_BF01044378","1","string_hypothesi","pre_hypothesi","out severe harm. Study 2 of the present research provides an experimental test of the biased recall h"
"10.1007_BF01044378","2","string_hypothesi","pre_hypothesi","use citizens may base their preference on a more stable, realistic stereotype.

In contrast to this h"
"10.1007_BF01044378","3","string_hypothesi","pre_hypothesi","nses (Diamond &amp; Stalans, 1989; Graber, 1980; Hough, Lewis, &amp; Walker, 1988). Supporting this h"
"10.1007_BF01044378","4","string_hypothesi","pre_hypothesi","e interpersonal sources. Second, some prior research (e.g., Stalans &amp; Diamond, 1990) tested the h"
"10.1007_BF01044378","5","string_hypothesi","pre_hypothesi"," about severe versus minor harm are recalled. Study 2 provides a stronger test of the biased recall h"
"10.1007_BF01044378","6","string_hypothesi","pre_hypothesi","ssigned condition. The between-subjects manipulation of severity allows a test of the biased recall h"
"10.1007_BF01044378","7","string_hypothesi","pre_hypothesi","

**Hypotheses**

Based on research on an availability heuristic (Sherman &amp; Corty, 1984), it is h"
"10.1007_BF01044378","8","string_hypothesi","pre_hypothesi","ere condition and across punishment scales. Consistent with Study 1, these correlations support the h"
"10.1007_BF01044378","1","string_hypothesi","post_hypothesi","is and provides more evidence that recall mediates punishment preferences. To examine how we can chan"
"10.1007_BF01044378","2","string_hypothesi","post_hypothesi","is, some researchers speculate that people develop unrealistic, severe stereotypes from the mass medi"
"10.1007_BF01044378","3","string_hypothesi","post_hypothesi","is, Stalans and Diamond (1990) found that approximately 50% of the respondents indicated that the typ"
"10.1007_BF01044378","4","string_hypothesi","post_hypothesi","is that most people have unrealistic beliefs about the typical burglary. Both this study and prior re"
"10.1007_BF01044378","5","string_hypothesi","post_hypothesi","is. Study 1’s results also suggest that people can learn a more realistic portrait of a specific offe"
"10.1007_BF01044378","6","string_hypothesi","post_hypothesi","is—people more easily recall the stories with more severe injuries compared to the stories with less "
"10.1007_BF01044378","7","string_hypothesi","post_hypothesi","ized that when interviewers ask people about their punishment preferences for an offense category, th"
"10.1007_BF01044378","8","string_hypothesi","post_hypothesi","is that when people form punishment preferences for abstract cases, they rely on the severity of harm"
"10.1007_BF01044378","1","string_theor","locations_theor.start","61191"
"10.1007_BF01044378","2","string_theor","locations_theor.start","61214"
"10.1007_BF01044378","1","string_theor","locations_theor.end","61195"
"10.1007_BF01044378","2","string_theor","locations_theor.end","61218"
"10.1007_BF01044378","1","string_theor","pre_theor"," Lurigio, A. (1990). Lay and professionals’ beliefs about crime and criminal sentencing: A need for t"
"10.1007_BF01044378","2","string_theor","pre_theor","y and professionals’ beliefs about crime and criminal sentencing: A need for theory, perhaps schema t"
"10.1007_BF01044378","1","string_theor","post_theor","ry, perhaps schema theory. Criminal Justice and Behavior, 17(3), 333–349.

Smith, E. R. (1990). Conte"
"10.1007_BF01044378","2","string_theor","post_theor","ry. Criminal Justice and Behavior, 17(3), 333–349.

Smith, E. R. (1990). Content and process specific"
"10.1007_BF01044378","1","string_account","locations_account.start","16725"
"10.1007_BF01044378","2","string_account","locations_account.start","16919"
"10.1007_BF01044378","1","string_account","locations_account.end","16731"
"10.1007_BF01044378","2","string_account","locations_account.end","16925"
"10.1007_BF01044378","1","string_account","pre_account","th the threat of a lethal weapon, and demanding property without the threat of a lethal weapon, and a"
"10.1007_BF01044378","2","string_account","pre_account","The second factor, Fear of Property Victimization, consisted of two items, theft and vandalism, and a"
"10.1007_BF01044378","1","string_account","post_account","ted for 64% of the variance. The mean of these items formed a reliable scale (α = .87). The second fa"
"10.1007_BF01044378","2","string_account","post_account","ted for 16% of the variance. The mean of these items formed a reliable scale (α = .78). The question,"
"10.1007_BF01044378","1","string_model","locations_model.start","57001"
"10.1007_BF01044378","2","string_model","locations_model.start","59303"
"10.1007_BF01044378","1","string_model","locations_model.end","57005"
"10.1007_BF01044378","2","string_model","locations_model.end","59307"
"10.1007_BF01044378","1","string_model","pre_model","–82.

Gibson, J. L. (1980). Environmental constraints on the behavior of judges: A representational m"
"10.1007_BF01044378","2","string_model","pre_model","th burglary (pp. 219–232). England: Klumwer-Nigloff.

Park, B., &amp; Judd, C. (1990). Measures and m"
"10.1007_BF01044378","1","string_model","post_model","l of judicial decision-making. Law &amp; Society Review, 14(2), 343–370.

Gottfredson, S. D., Warner,"
"10.1007_BF01044378","2","string_model","post_model","ls of perceived group variability. Journal of Personality and Social Psychology, 59(2), 173–191.

Pep"
"10.1007_BF01044378","1","string_data","locations_data.start","3406"
"10.1007_BF01044378","2","string_data","locations_data.start","7893"
"10.1007_BF01044378","3","string_data","locations_data.start","12504"
"10.1007_BF01044378","4","string_data","locations_data.start","20402"
"10.1007_BF01044378","5","string_data","locations_data.start","41656"
"10.1007_BF01044378","6","string_data","locations_data.start","45292"
"10.1007_BF01044378","7","string_data","locations_data.start","49683"
"10.1007_BF01044378","8","string_data","locations_data.start","51821"
"10.1007_BF01044378","1","string_data","locations_data.end","3409"
"10.1007_BF01044378","2","string_data","locations_data.end","7896"
"10.1007_BF01044378","3","string_data","locations_data.end","12507"
"10.1007_BF01044378","4","string_data","locations_data.end","20405"
"10.1007_BF01044378","5","string_data","locations_data.end","41659"
"10.1007_BF01044378","6","string_data","locations_data.end","45295"
"10.1007_BF01044378","7","string_data","locations_data.end","49686"
"10.1007_BF01044378","8","string_data","locations_data.end","51824"
"10.1007_BF01044378","1","string_data","pre_data","nt (Gottfredson &amp; Taylor, 1984; Gottfredson, Warner &amp; Taylor, 1988).

Given the use of poll d"
"10.1007_BF01044378","2","string_data","pre_data","Skogan &amp; Maxfield, 1981; for a review of media influence see Roberts &amp; Doob, 1990).

Survey d"
"10.1007_BF01044378","3","string_data","pre_data","formation about the nature of robberies.

STUDY 1  


#### Hypotheses

Using cross-sectional survey d"
"10.1007_BF01044378","4","string_data","pre_data","injuries, and only 1.9% received injuries requiring hospitalization. A comparison of these official d"
"10.1007_BF01044378","5","string_data","pre_data"," context of surrounding cases did not affect their expectations of harm. Consistent with the survey d"
"10.1007_BF01044378","6","string_data","pre_data","they rely on the severity of harm done in crime stories that easily come to mind. Unlike the survey d"
"10.1007_BF01044378","7","string_data","pre_data"," opinions based on a biased sample of cases. This finding bolsters the interpretation of the survey d"
"10.1007_BF01044378","8","string_data","pre_data","rd, etc.).

2  The representativeness of the sample on ethnicity was determined by using enrollment d"
"10.1007_BF01044378","1","string_data","post_data","a by policymakers, Diamond (1989) urged that researchers educate policymakers about the meaning of pu"
"10.1007_BF01044378","2","string_data","post_data","a, thus, may reflect several different processes and are not convincing evidence that biased recall f"
"10.1007_BF01044378","3","string_data","post_data","a, Study 1 tests three hypotheses: (a) when recommending punishment for abstract cases in opinion pol"
"10.1007_BF01044378","4","string_data","post_data","a with the responses to question about harm done in most robberies provides an assessment of the perc"
"10.1007_BF01044378","5","string_data","post_data","a, these results, using a different assessment method, suggest that most subjects believe that robber"
"10.1007_BF01044378","6","string_data","post_data","a in Study 1 and prior research (e.g., Doob &amp; Roberts, 1984, 1988), the random assignment to expe"
"10.1007_BF01044378","7","string_data","post_data","a in Study 1 and in prior research (e.g., Doob &amp; Roberts, 1988; Roberts &amp; Doob, 1990). Moreov"
"10.1007_BF01044378","8","string_data","post_data","a from the fall of 1988. The distribution of undergraduate students by ethnicity is 10.3% Hispanic, 1"
"10.1007_BF01044378","1","string_finding","locations_finding.start","2396"
"10.1007_BF01044378","2","string_finding","locations_finding.start","7360"
"10.1007_BF01044378","3","string_finding","locations_finding.start","7542"
"10.1007_BF01044378","4","string_finding","locations_finding.start","22590"
"10.1007_BF01044378","5","string_finding","locations_finding.start","26310"
"10.1007_BF01044378","6","string_finding","locations_finding.start","26724"
"10.1007_BF01044378","7","string_finding","locations_finding.start","28907"
"10.1007_BF01044378","8","string_finding","locations_finding.start","29183"
"10.1007_BF01044378","9","string_finding","locations_finding.start","29514"
"10.1007_BF01044378","10","string_finding","locations_finding.start","29660"
"10.1007_BF01044378","11","string_finding","locations_finding.start","30030"
"10.1007_BF01044378","12","string_finding","locations_finding.start","30279"
"10.1007_BF01044378","13","string_finding","locations_finding.start","43242"
"10.1007_BF01044378","14","string_finding","locations_finding.start","43343"
"10.1007_BF01044378","15","string_finding","locations_finding.start","44186"
"10.1007_BF01044378","16","string_finding","locations_finding.start","44411"
"10.1007_BF01044378","17","string_finding","locations_finding.start","47484"
"10.1007_BF01044378","18","string_finding","locations_finding.start","49194"
"10.1007_BF01044378","19","string_finding","locations_finding.start","49633"
"10.1007_BF01044378","20","string_finding","locations_finding.start","49983"
"10.1007_BF01044378","21","string_finding","locations_finding.start","50472"
"10.1007_BF01044378","22","string_finding","locations_finding.start","52661"
"10.1007_BF01044378","23","string_finding","locations_finding.start","54522"
"10.1007_BF01044378","1","string_finding","locations_finding.end","2402"
"10.1007_BF01044378","2","string_finding","locations_finding.end","7366"
"10.1007_BF01044378","3","string_finding","locations_finding.end","7548"
"10.1007_BF01044378","4","string_finding","locations_finding.end","22596"
"10.1007_BF01044378","5","string_finding","locations_finding.end","26316"
"10.1007_BF01044378","6","string_finding","locations_finding.end","26730"
"10.1007_BF01044378","7","string_finding","locations_finding.end","28913"
"10.1007_BF01044378","8","string_finding","locations_finding.end","29189"
"10.1007_BF01044378","9","string_finding","locations_finding.end","29520"
"10.1007_BF01044378","10","string_finding","locations_finding.end","29666"
"10.1007_BF01044378","11","string_finding","locations_finding.end","30036"
"10.1007_BF01044378","12","string_finding","locations_finding.end","30285"
"10.1007_BF01044378","13","string_finding","locations_finding.end","43248"
"10.1007_BF01044378","14","string_finding","locations_finding.end","43349"
"10.1007_BF01044378","15","string_finding","locations_finding.end","44192"
"10.1007_BF01044378","16","string_finding","locations_finding.end","44417"
"10.1007_BF01044378","17","string_finding","locations_finding.end","47490"
"10.1007_BF01044378","18","string_finding","locations_finding.end","49200"
"10.1007_BF01044378","19","string_finding","locations_finding.end","49639"
"10.1007_BF01044378","20","string_finding","locations_finding.end","49989"
"10.1007_BF01044378","21","string_finding","locations_finding.end","50478"
"10.1007_BF01044378","22","string_finding","locations_finding.end","52667"
"10.1007_BF01044378","23","string_finding","locations_finding.end","54528"
"10.1007_BF01044378","1","string_finding","pre_finding","Chicago for funding the first study and to Judy Curry for encouraging my research interests and for f"
"10.1007_BF01044378","2","string_finding","pre_finding","al cases (e.g., Doob &amp; Roberts, 1988; Roberts &amp; Doob, 1990; Walker &amp; Hough, 1988). This f"
"10.1007_BF01044378","3","string_finding","pre_finding"," about minor and severe harm, but recall more easily stories about severe harm. Alternatively, this f"
"10.1007_BF01044378","4","string_finding","pre_finding"," = 2.10 to 3.21, p’s < .02 to .01. Because most respondents expected minor injuries to happen, this f"
"10.1007_BF01044378","5","string_finding","pre_finding","e respondents who relied on primarily mass media sources, logistic estimate = .94, p < 00 1.

These f"
"10.1007_BF01044378","6","string_finding","pre_finding","d neighbors than they were about robbery stories about more severe injuries in the mass media. This f"
"10.1007_BF01044378","7","string_finding","pre_finding","y of harm done in the mugging stereotype shaped the proportion of robbers sentenced to prison. This f"
"10.1007_BF01044378","8","string_finding","pre_finding","2 shows, the robbery stereotype, however, did not shape satisfaction with judicial sentencing; this f"
"10.1007_BF01044378","9","string_finding","pre_finding","cial sentencing, respondents seem willing to base their evaluation on atypical, severe crimes; this f"
"10.1007_BF01044378","10","string_finding","pre_finding","., Doob &amp; Roberts, 1988; Hamill, Wilson, &amp; Nisbett, 1980; Roberts &amp; Doob, 1990).

These f"
"10.1007_BF01044378","11","string_finding","pre_finding","s containing severe, atypical harm are recalled. By publicizing the nature of specific offenses and f"
"10.1007_BF01044378","12","string_finding","pre_finding","out the distortion of unrepresentative specific crimes or unrealistic stereotypes.

STUDY 2  


The f"
"10.1007_BF01044378","13","string_finding","pre_finding","ories that contained extremely severe harm (M = .49), F(1,112) = 7.81, p < .006. As predicted, this f"
"10.1007_BF01044378","14","string_finding","pre_finding","inding suggests that respondents recalled more easily stories containing the most severe harm. This f"
"10.1007_BF01044378","15","string_finding","pre_finding","s and Concreteness on Proportion of Moderate Injuries Recalled Within Each Severe Conditiona

These f"
"10.1007_BF01044378","16","string_finding","pre_finding","crete or high contextually distinct details into the crime stories about less severe injuries. This f"
"10.1007_BF01044378","17","string_finding","pre_finding","hose of minor harm come to mind, punishment preferences may change when the context changes. 

This f"
"10.1007_BF01044378","18","string_finding","pre_finding","at robberies generally are committed by juvenile offenders and result in minor or no injuries. This f"
"10.1007_BF01044378","19","string_finding","pre_finding","tract cases, and this process sometimes results in opinions based on a biased sample of cases. This f"
"10.1007_BF01044378","20","string_finding","pre_finding"," contextually distinct, the recall advantage for extremely severe harm is eliminated.

The combined f"
"10.1007_BF01044378","21","string_finding","pre_finding","arm. The pilot study also suggested that people generally confuse robbery and burglary crimes, This f"
"10.1007_BF01044378","22","string_finding","pre_finding","fenders, however, does not make a contribution after controlling for proportion of minor harm. This f"
"10.1007_BF01044378","23","string_finding","pre_finding","fects on total recall versus proportion of moderate injuries recalled suggests that the significant f"
"10.1007_BF01044378","1","string_finding","post_finding","g the financial support. I also thank one anonymous reviewer for helpful comments, and Editor Ron Roe"
"10.1007_BF01044378","2","string_finding","post_finding","g may reflect biased recall of severe stories: People are exposed to stories about minor and severe h"
"10.1007_BF01044378","3","string_finding","post_finding","g may reflect an exposure or attention bias, People may obtain information about crime only from the "
"10.1007_BF01044378","4","string_finding","post_finding","g indicates that interpersonal sources were more likely to discuss robbery stories that contained les"
"10.1007_BF01044378","5","string_finding","post_finding","gs extend prior research on punishment preferences in several ways. First, they provide a promising o"
"10.1007_BF01044378","6","string_finding","post_finding","g suggests that people believed the stories of minor injuries that were told by the interpersonal sou"
"10.1007_BF01044378","7","string_finding","post_finding","g suggests that when asked abstract questions about punishment preferences for robbers, people also r"
"10.1007_BF01044378","8","string_finding","post_finding","g may be due to the fact that the question emphasized judicial sentencing. Respondents may have relie"
"10.1007_BF01044378","9","string_finding","post_finding","g is consistent with prior research (e.g., Doob &amp; Roberts, 1988; Hamill, Wilson, &amp; Nisbett, 1"
"10.1007_BF01044378","10","string_finding","post_finding","gs extend prior research by showing the independent contributions of the recall of specific cases and"
"10.1007_BF01044378","11","string_finding","post_finding","g ways to reduce the recall of atypical, severe crimes reported in the mass media, researchers can as"
"10.1007_BF01044378","12","string_finding","post_finding","gs of Study 1 suggest that people rely on crime stereotypes and the recall of specific cases to form "
"10.1007_BF01044378","13","string_finding","post_finding","g suggests that respondents recalled more easily stories containing the most severe harm. This findin"
"10.1007_BF01044378","14","string_finding","post_finding","g suggests that recall is often biased by the atypical, severe stories. 

How can we eliminate the gr"
"10.1007_BF01044378","15","string_finding","post_finding","gs suggest that the recall of advantage of unexpected, severe crime stories can be eliminated by eith"
"10.1007_BF01044378","16","string_finding","post_finding","g, thus, has implications for how researchers can eliminate the effects of atypical, severe cases on "
"10.1007_BF01044378","17","string_finding","post_finding","g of context-dependent punishment preferences has implications for how researchers should assess what"
"10.1007_BF01044378","18","string_finding","post_finding","g suggests that education about crime that occurs in people’s neighborhoods can further reduce the im"
"10.1007_BF01044378","19","string_finding","post_finding","g bolsters the interpretation of the survey data in Study 1 and in prior research (e.g., Doob &amp; R"
"10.1007_BF01044378","20","string_finding","post_finding","gs of Studies 1 and 2, thus, provide confidence that punishment preferences based on biased recall or"
"10.1007_BF01044378","21","string_finding","post_finding","g should make policymakers more hesitant to rely on general questions that allow multiple interpretat"
"10.1007_BF01044378","22","string_finding","post_finding","g suggests that these two components of the stereotype are overlapping.

4  One group of students (N "
"10.1007_BF01044378","23","string_finding","post_finding","gs are not due to differential encoding.

7  To determine whether the frequency estimates created a s"
"10.1007_BF01044378","1","string_result","locations_result.start","8466"
"10.1007_BF01044378","2","string_result","locations_result.start","19884"
"10.1007_BF01044378","3","string_result","locations_result.start","20613"
"10.1007_BF01044378","4","string_result","locations_result.start","20796"
"10.1007_BF01044378","5","string_result","locations_result.start","21095"
"10.1007_BF01044378","6","string_result","locations_result.start","21222"
"10.1007_BF01044378","7","string_result","locations_result.start","23445"
"10.1007_BF01044378","8","string_result","locations_result.start","24342"
"10.1007_BF01044378","9","string_result","locations_result.start","24489"
"10.1007_BF01044378","10","string_result","locations_result.start","24724"
"10.1007_BF01044378","11","string_result","locations_result.start","30712"
"10.1007_BF01044378","12","string_result","locations_result.start","41668"
"10.1007_BF01044378","13","string_result","locations_result.start","41774"
"10.1007_BF01044378","14","string_result","locations_result.start","49157"
"10.1007_BF01044378","15","string_result","locations_result.start","49573"
"10.1007_BF01044378","16","string_result","locations_result.start","52491"
"10.1007_BF01044378","1","string_result","locations_result.end","8471"
"10.1007_BF01044378","2","string_result","locations_result.end","19889"
"10.1007_BF01044378","3","string_result","locations_result.end","20618"
"10.1007_BF01044378","4","string_result","locations_result.end","20801"
"10.1007_BF01044378","5","string_result","locations_result.end","21100"
"10.1007_BF01044378","6","string_result","locations_result.end","21227"
"10.1007_BF01044378","7","string_result","locations_result.end","23450"
"10.1007_BF01044378","8","string_result","locations_result.end","24347"
"10.1007_BF01044378","9","string_result","locations_result.end","24494"
"10.1007_BF01044378","10","string_result","locations_result.end","24729"
"10.1007_BF01044378","11","string_result","locations_result.end","30717"
"10.1007_BF01044378","12","string_result","locations_result.end","41673"
"10.1007_BF01044378","13","string_result","locations_result.end","41779"
"10.1007_BF01044378","14","string_result","locations_result.end","49162"
"10.1007_BF01044378","15","string_result","locations_result.end","49578"
"10.1007_BF01044378","16","string_result","locations_result.end","52496"
"10.1007_BF01044378","1","string_result","pre_result","t recall mediates punishment preferences. To examine how we can change misinformed preferences that r"
"10.1007_BF01044378","2","string_result","pre_result","

**The Nature and Formation of the Robbery Stereotype**

The question, What percentage of muggings r"
"10.1007_BF01044378","3","string_result","pre_result","of respondents who held accurate stereotypes of robbery. The perceived percentage of robberies that r"
"10.1007_BF01044378","4","string_result","pre_result","s (76.4%) accurately identified the modal category of injuries and believed that muggings generally r"
"10.1007_BF01044378","5","string_result","pre_result","some medical attention or hospitalization.

If mass media sources focus primarily on robberies that r"
"10.1007_BF01044378","6","string_result","pre_result","., Graber, 1980), how did the majority of respondents develop a stereotype that robberies generally r"
"10.1007_BF01044378","7","string_result","pre_result","the percentage of respondents who provided correct estimates about the percentage of robberies that r"
"10.1007_BF01044378","8","string_result","pre_result","35.4% of those who relied on primarily the mass media incorrectly believed that the typical mugging r"
"10.1007_BF01044378","9","string_result","pre_result","attention or hospitalization and made substantial underestimates of the percentage of muggings that r"
"10.1007_BF01044378","10","string_result","pre_result","64.6% of those who relied on primarily the mass media held accurate stereotypes that most robberies r"
"10.1007_BF01044378","11","string_result","pre_result","inor harm are recalled. Study 2 provides a stronger test of the biased recall hypothesis. Study 1’s r"
"10.1007_BF01044378","12","string_result","pre_result","surrounding cases did not affect their expectations of harm. Consistent with the survey data, these r"
"10.1007_BF01044378","13","string_result","pre_result","s, using a different assessment method, suggest that most subjects believe that robberies generally r"
"10.1007_BF01044378","14","string_result","pre_result","tereotypes about specific offenses—that robberies generally are committed by juvenile offenders and r"
"10.1007_BF01044378","15","string_result","pre_result","ilability heuristic in forming punishment preferences to abstract cases, and this process sometimes r"
"10.1007_BF01044378","16","string_result","pre_result","repeat juvenile offenders who commit muggings replaces the proportion of minor harm, the pattern of r"
"10.1007_BF01044378","1","string_result","post_result","t from biased recall, this article addresses two questions that provide some insights about the condi"
"10.1007_BF01044378","2","string_result","post_result","t in: (a) no physical injuries; (b) minor injuries requiring no medical attention; (c) moderate injur"
"10.1007_BF01044378","3","string_result","post_result","ted in no injuries or minor injuries indicates that the majority of respondents (76.4%) accurately id"
"10.1007_BF01044378","4","string_result","post_result","t in minor or no injuries (M = 60.52; median = 70); a substantial minority of respondents (23.9%) ina"
"10.1007_BF01044378","5","string_result","post_result","t in serious harm (e.g., Graber, 1980), how did the majority of respondents develop a stereotype that"
"10.1007_BF01044378","6","string_result","post_result","t in minor or no injuries? One possibility is that interpersonal sources discuss robberies that occur"
"10.1007_BF01044378","7","string_result","post_result","t in minor or no injuries and those who provided small or large underestimates. Respondents who provi"
"10.1007_BF01044378","8","string_result","post_result","ts in injuries that required some medical attention or hospitalization and made substantial underesti"
"10.1007_BF01044378","9","string_result","post_result","t in minor or no injuries. Moreover, 85.7% of the respondents who relied on both mass media and inter"
"10.1007_BF01044378","10","string_result","post_result","t in minor or no injuries.  
  
![lhb-17-4-451-tbl1a.gif](http://largecontent.ebsco-content.com/embim"
"10.1007_BF01044378","11","string_result","post_result","ts also suggest that people can learn a more realistic portrait of a specific offense. Given that peo"
"10.1007_BF01044378","12","string_result","post_result","ts, using a different assessment method, suggest that most subjects believe that robberies generally "
"10.1007_BF01044378","13","string_result","post_result","t in minor injuries.

**Reducing Biased Recall **

Recall was scored as correct if respondents identi"
"10.1007_BF01044378","14","string_result","post_result","t in minor or no injuries. This finding suggests that education about crime that occurs in people’s n"
"10.1007_BF01044378","15","string_result","post_result","ts in opinions based on a biased sample of cases. This finding bolsters the interpretation of the sur"
"10.1007_BF01044378","16","string_result","post_result","ts are the same as reported. The proportion of repeat juvenile offenders, however, does not make a co"
