"doi","exemplar","type","key","value"
"10.1007_BF01044288","1","length","total_length","40224"
"10.1007_BF01044288","1","p_values","locations_p.start","10301"
"10.1007_BF01044288","2","p_values","locations_p.start","10335"
"10.1007_BF01044288","3","p_values","locations_p.start","10445"
"10.1007_BF01044288","4","p_values","locations_p.start","10885"
"10.1007_BF01044288","5","p_values","locations_p.start","11468"
"10.1007_BF01044288","6","p_values","locations_p.start","11575"
"10.1007_BF01044288","7","p_values","locations_p.start","11695"
"10.1007_BF01044288","8","p_values","locations_p.start","12058"
"10.1007_BF01044288","9","p_values","locations_p.start","12275"
"10.1007_BF01044288","10","p_values","locations_p.start","12697"
"10.1007_BF01044288","11","p_values","locations_p.start","12937"
"10.1007_BF01044288","12","p_values","locations_p.start","13011"
"10.1007_BF01044288","13","p_values","locations_p.start","13430"
"10.1007_BF01044288","14","p_values","locations_p.start","13567"
"10.1007_BF01044288","15","p_values","locations_p.start","14012"
"10.1007_BF01044288","16","p_values","locations_p.start","14255"
"10.1007_BF01044288","17","p_values","locations_p.start","14836"
"10.1007_BF01044288","18","p_values","locations_p.start","14891"
"10.1007_BF01044288","19","p_values","locations_p.start","14984"
"10.1007_BF01044288","20","p_values","locations_p.start","32576"
"10.1007_BF01044288","21","p_values","locations_p.start","32649"
"10.1007_BF01044288","22","p_values","locations_p.start","32833"
"10.1007_BF01044288","23","p_values","locations_p.start","32892"
"10.1007_BF01044288","1","p_values","locations_p.end","10308"
"10.1007_BF01044288","2","p_values","locations_p.end","10342"
"10.1007_BF01044288","3","p_values","locations_p.end","10452"
"10.1007_BF01044288","4","p_values","locations_p.end","10893"
"10.1007_BF01044288","5","p_values","locations_p.end","11475"
"10.1007_BF01044288","6","p_values","locations_p.end","11582"
"10.1007_BF01044288","7","p_values","locations_p.end","11702"
"10.1007_BF01044288","8","p_values","locations_p.end","12065"
"10.1007_BF01044288","9","p_values","locations_p.end","12282"
"10.1007_BF01044288","10","p_values","locations_p.end","12704"
"10.1007_BF01044288","11","p_values","locations_p.end","12944"
"10.1007_BF01044288","12","p_values","locations_p.end","13018"
"10.1007_BF01044288","13","p_values","locations_p.end","13438"
"10.1007_BF01044288","14","p_values","locations_p.end","13575"
"10.1007_BF01044288","15","p_values","locations_p.end","14019"
"10.1007_BF01044288","16","p_values","locations_p.end","14262"
"10.1007_BF01044288","17","p_values","locations_p.end","14843"
"10.1007_BF01044288","18","p_values","locations_p.end","14898"
"10.1007_BF01044288","19","p_values","locations_p.end","14991"
"10.1007_BF01044288","20","p_values","locations_p.end","32584"
"10.1007_BF01044288","21","p_values","locations_p.end","32656"
"10.1007_BF01044288","22","p_values","locations_p.end","32840"
"10.1007_BF01044288","23","p_values","locations_p.end","32899"
"10.1007_BF01044288","1","p_values","result","p=.46"
"10.1007_BF01044288","2","p_values","result","p=.33"
"10.1007_BF01044288","3","p_values","result","p=.20"
"10.1007_BF01044288","4","p_values","result","p<.001"
"10.1007_BF01044288","5","p_values","result","p<.05"
"10.1007_BF01044288","6","p_values","result","p=.10"
"10.1007_BF01044288","7","p_values","result","p=.13"
"10.1007_BF01044288","8","p_values","result","p<.05"
"10.1007_BF01044288","9","p_values","result","p<.05"
"10.1007_BF01044288","10","p_values","result","p<.05"
"10.1007_BF01044288","11","p_values","result","p<.05"
"10.1007_BF01044288","12","p_values","result","p>.10"
"10.1007_BF01044288","13","p_values","result","p<.001"
"10.1007_BF01044288","14","p_values","result","p<.005"
"10.1007_BF01044288","15","p_values","result","p<.05"
"10.1007_BF01044288","16","p_values","result","p<.05"
"10.1007_BF01044288","17","p_values","result","p=.21"
"10.1007_BF01044288","18","p_values","result","p=.98"
"10.1007_BF01044288","19","p_values","result","p=.19"
"10.1007_BF01044288","20","p_values","result","p<.005"
"10.1007_BF01044288","21","p_values","result","p=.90"
"10.1007_BF01044288","22","p_values","result","p=.43"
"10.1007_BF01044288","23","p_values","result","p<.05"
"10.1007_BF01044288","1","p_values","comparison","="
"10.1007_BF01044288","2","p_values","comparison","="
"10.1007_BF01044288","3","p_values","comparison","="
"10.1007_BF01044288","4","p_values","comparison","<"
"10.1007_BF01044288","5","p_values","comparison","<"
"10.1007_BF01044288","6","p_values","comparison","="
"10.1007_BF01044288","7","p_values","comparison","="
"10.1007_BF01044288","8","p_values","comparison","<"
"10.1007_BF01044288","9","p_values","comparison","<"
"10.1007_BF01044288","10","p_values","comparison","<"
"10.1007_BF01044288","11","p_values","comparison","<"
"10.1007_BF01044288","12","p_values","comparison",">"
"10.1007_BF01044288","13","p_values","comparison","<"
"10.1007_BF01044288","14","p_values","comparison","<"
"10.1007_BF01044288","15","p_values","comparison","<"
"10.1007_BF01044288","16","p_values","comparison","<"
"10.1007_BF01044288","17","p_values","comparison","="
"10.1007_BF01044288","18","p_values","comparison","="
"10.1007_BF01044288","19","p_values","comparison","="
"10.1007_BF01044288","20","p_values","comparison","<"
"10.1007_BF01044288","21","p_values","comparison","="
"10.1007_BF01044288","22","p_values","comparison","="
"10.1007_BF01044288","23","p_values","comparison","<"
"10.1007_BF01044288","1","p_values","value",".46"
"10.1007_BF01044288","2","p_values","value",".33"
"10.1007_BF01044288","3","p_values","value",".20"
"10.1007_BF01044288","4","p_values","value",".001"
"10.1007_BF01044288","5","p_values","value",".05"
"10.1007_BF01044288","6","p_values","value",".10"
"10.1007_BF01044288","7","p_values","value",".13"
"10.1007_BF01044288","8","p_values","value",".05"
"10.1007_BF01044288","9","p_values","value",".05"
"10.1007_BF01044288","10","p_values","value",".05"
"10.1007_BF01044288","11","p_values","value",".05"
"10.1007_BF01044288","12","p_values","value",".10"
"10.1007_BF01044288","13","p_values","value",".001"
"10.1007_BF01044288","14","p_values","value",".005"
"10.1007_BF01044288","15","p_values","value",".05"
"10.1007_BF01044288","16","p_values","value",".05"
"10.1007_BF01044288","17","p_values","value",".21"
"10.1007_BF01044288","18","p_values","value",".98"
"10.1007_BF01044288","19","p_values","value",".19"
"10.1007_BF01044288","20","p_values","value",".005"
"10.1007_BF01044288","21","p_values","value",".90"
"10.1007_BF01044288","22","p_values","value",".43"
"10.1007_BF01044288","23","p_values","value",".05"
"10.1007_BF01044288","1","string_hypothesi","locations_hypothesi.start","17760"
"10.1007_BF01044288","2","string_hypothesi","locations_hypothesi.start","18349"
"10.1007_BF01044288","1","string_hypothesi","locations_hypothesi.end","17768"
"10.1007_BF01044288","2","string_hypothesi","locations_hypothesi.end","18357"
"10.1007_BF01044288","1","string_hypothesi","pre_hypothesi","n verdicts by way of an intervening impact on perceptions of credibility.

Cornish and Sealy (1973) h"
"10.1007_BF01044288","2","string_hypothesi","pre_hypothesi","e dissimilar-prior-conviction condition), we were able to test this suggestion. Cornish and Sealy’s h"
"10.1007_BF01044288","1","string_hypothesi","post_hypothesi","ized that jurors discount evidence of a prior conviction for a minor crime when it is introduced into"
"10.1007_BF01044288","2","string_hypothesi","post_hypothesi","is is consistent with the smaller percentage of convictions, the greater (although nonsignificant) de"
"10.1007_BF01044288","1","string_theor","locations_theor.start","2943"
"10.1007_BF01044288","2","string_theor","locations_theor.start","22020"
"10.1007_BF01044288","3","string_theor","locations_theor.start","32975"
"10.1007_BF01044288","4","string_theor","locations_theor.start","35283"
"10.1007_BF01044288","5","string_theor","locations_theor.start","35637"
"10.1007_BF01044288","1","string_theor","locations_theor.end","2947"
"10.1007_BF01044288","2","string_theor","locations_theor.end","22024"
"10.1007_BF01044288","3","string_theor","locations_theor.end","32979"
"10.1007_BF01044288","4","string_theor","locations_theor.end","35287"
"10.1007_BF01044288","5","string_theor","locations_theor.end","35641"
"10.1007_BF01044288","1","string_theor","pre_theor","it the present crime or to determine guilt (Spector, 1979). In the terms of information integration t"
"10.1007_BF01044288","2","string_theor","pre_theor","t for defendants previously convicted of the same crime.

Several social psychological concepts and t"
"10.1007_BF01044288","3","string_theor","pre_theor","se, t(76) = 2.02, p < .05, effect size r = .23.

REFERENCES

Anderson, N. H.Information integration t"
"10.1007_BF01044288","4","string_theor","pre_theor"," H., Jr., &amp; Zeisel, H.The American jury, Boston: Little, Brown, 1966.

Kelley, H. H.Attribution t"
"10.1007_BF01044288","5","string_theor","pre_theor","rristown, New Jersey: General Learning Press, 1971.

Kelley, H. H., &amp; Michela, J. L.Attribution t"
"10.1007_BF01044288","1","string_theor","post_theor","ry (Anderson, 1974), the jury is allowed to use the prior conviction evidence to weight the defendant"
"10.1007_BF01044288","2","string_theor","post_theor","ries provide a plausible basis for the apparent prejudice caused by the prior-record evidence. The la"
"10.1007_BF01044288","3","string_theor","post_theor","ry; A brief survey. In D. H.Krantz, R. C.Atkinson, R. D.Luce, and P.Suppes (Eds.), Contemporary devel"
"10.1007_BF01044288","4","string_theor","post_theor","ry in social psychology. In D.Levine (Ed.), Nebraska Symposium on Motivation. Lincoln: University of "
"10.1007_BF01044288","5","string_theor","post_theor","ry and research. Annual Review of Psychology, 1980, 31, 457–501.

Keppel, G.Design and analysis: A re"
"10.1007_BF01044288","1","string_account","locations_account.start","12562"
"10.1007_BF01044288","2","string_account","locations_account.start","19102"
"10.1007_BF01044288","3","string_account","locations_account.start","22796"
"10.1007_BF01044288","1","string_account","locations_account.end","12568"
"10.1007_BF01044288","2","string_account","locations_account.end","19108"
"10.1007_BF01044288","3","string_account","locations_account.end","22802"
"10.1007_BF01044288","1","string_account","pre_account"," of Jurors Voting to Convicta

An analysis of covariance across both cases showed that prior record a"
"10.1007_BF01044288","2","string_account","pre_account","elative to the present charge may be an important relationship.

Since credibility judgments do not a"
"10.1007_BF01044288","3","string_account","pre_account","racteristics about the defendant (such as guilt)” (Hans &amp; Doob, 1975, p. 238). While this could a"
"10.1007_BF01044288","1","string_account","post_account","ted for a significant portion of the variation in verdict over and above that which is explained by c"
"10.1007_BF01044288","2","string_account","post_account","t for the differences in conviction rates among prior conviction conditions, one must look for other "
"10.1007_BF01044288","3","string_account","post_account","t for the differences in conviction rates between the no prior-record and combined prior-record group"
"10.1007_BF01044288","1","string_model","locations_model.start","33550"
"10.1007_BF01044288","1","string_model","locations_model.end","33554"
"10.1007_BF01044288","1","string_model","pre_model",", 1978, 36, 1501–1511.

Carroll, J. S., &amp; Payne, J. W.Judgments about crime and the criminal: A m"
"10.1007_BF01044288","1","string_model","post_model","l and a method for investigating parole decisions. In B. D.Sales (Ed.), Perspectives in law and psych"
"10.1007_BF01044288","1","string_data","locations_data.start","28016"
"10.1007_BF01044288","2","string_data","locations_data.start","32085"
"10.1007_BF01044288","1","string_data","locations_data.end","28019"
"10.1007_BF01044288","2","string_data","locations_data.end","32088"
"10.1007_BF01044288","1","string_data","pre_data","tions under which jurors do not misuse prior-conviction information.

On the basis of the available d"
"10.1007_BF01044288","2","string_data","pre_data","m this analysis do not differ from those yielded by traditional nonparametric tests for dichotomous d"
"10.1007_BF01044288","1","string_data","post_data","a, we conclude that the presentation of the defendant’s criminal record does not affect the defendant"
"10.1007_BF01044288","2","string_data","post_data","a (e.g., see Cochran, 1950).

9 Although it is statistically appropriate to collapse across the two c"
"10.1007_BF01044288","1","string_finding","locations_finding.start","10120"
"10.1007_BF01044288","2","string_finding","locations_finding.start","12876"
"10.1007_BF01044288","3","string_finding","locations_finding.start","16677"
"10.1007_BF01044288","4","string_finding","locations_finding.start","17552"
"10.1007_BF01044288","5","string_finding","locations_finding.start","20203"
"10.1007_BF01044288","6","string_finding","locations_finding.start","21814"
"10.1007_BF01044288","7","string_finding","locations_finding.start","27286"
"10.1007_BF01044288","1","string_finding","locations_finding.end","10126"
"10.1007_BF01044288","2","string_finding","locations_finding.end","12882"
"10.1007_BF01044288","3","string_finding","locations_finding.end","16683"
"10.1007_BF01044288","4","string_finding","locations_finding.end","17558"
"10.1007_BF01044288","5","string_finding","locations_finding.end","20209"
"10.1007_BF01044288","6","string_finding","locations_finding.end","21820"
"10.1007_BF01044288","7","string_finding","locations_finding.end","27292"
"10.1007_BF01044288","1","string_finding","pre_finding","luenced their guilty/not guilty verdict on a seven-point scale; and (6) their sex.

RESULTS  


The f"
"10.1007_BF01044288","2","string_finding","pre_finding"," credibility, prior record still an effect on verdict. When each case was analyzed separately, this f"
"10.1007_BF01044288","3","string_finding","pre_finding","ction rate occurred when the prior conviction was the same as the present charge, corroborating the f"
"10.1007_BF01044288","4","string_finding","pre_finding","d him guilty, even though they been instructed not to use the information for that purpose. The key f"
"10.1007_BF01044288","5","string_finding","pre_finding"," estimation of the odds on the defendant’s guilt” (Lempert, 1977, p. 1052). This is consistent with f"
"10.1007_BF01044288","6","string_finding","pre_finding","ility of guilt, or level of reasonable doubt, necessary to vote to convict. This is consistent with f"
"10.1007_BF01044288","7","string_finding","pre_finding","een the prior-conviction manipulation and something unique to these subjects or case materials. The f"
"10.1007_BF01044288","1","string_finding","post_finding","gs pertaining to the defendant’s credibility are presented in Table 1. The credibility ratings of the"
"10.1007_BF01044288","2","string_finding","post_finding","g also obtained in the auto theft case (F(3,75) = 2.90, p < .05, effect size r = .19) but not in the "
"10.1007_BF01044288","3","string_finding","post_finding","gs of Doob and Kirshenbaum (1972) and Hans and Doob (1975). Note that repetition in the defendant’s b"
"10.1007_BF01044288","4","string_finding","post_finding","g, then, is that, at least for these mock jurors, prior conviction evidence does not have its impact "
"10.1007_BF01044288","5","string_finding","post_finding","g higher conviction rates for the prior record groups, with the largest percentage of convictions in "
"10.1007_BF01044288","6","string_finding","post_finding","g a larger percentage of guilty verdicts for defendants with a prior record, with the largest percent"
"10.1007_BF01044288","7","string_finding","post_finding","gs are consistent with those of other studies which have found that subjects have not followed instru"
"10.1007_BF01044288","1","string_result","locations_result.start","5152"
"10.1007_BF01044288","2","string_result","locations_result.start","6773"
"10.1007_BF01044288","3","string_result","locations_result.start","6889"
"10.1007_BF01044288","4","string_result","locations_result.start","6988"
"10.1007_BF01044288","5","string_result","locations_result.start","8604"
"10.1007_BF01044288","6","string_result","locations_result.start","21666"
"10.1007_BF01044288","7","string_result","locations_result.start","24449"
"10.1007_BF01044288","8","string_result","locations_result.start","26525"
"10.1007_BF01044288","9","string_result","locations_result.start","27149"
"10.1007_BF01044288","10","string_result","locations_result.start","31489"
"10.1007_BF01044288","11","string_result","locations_result.start","32348"
"10.1007_BF01044288","1","string_result","locations_result.end","5157"
"10.1007_BF01044288","2","string_result","locations_result.end","6778"
"10.1007_BF01044288","3","string_result","locations_result.end","6894"
"10.1007_BF01044288","4","string_result","locations_result.end","6993"
"10.1007_BF01044288","5","string_result","locations_result.end","8609"
"10.1007_BF01044288","6","string_result","locations_result.end","21671"
"10.1007_BF01044288","7","string_result","locations_result.end","24454"
"10.1007_BF01044288","8","string_result","locations_result.end","26530"
"10.1007_BF01044288","9","string_result","locations_result.end","27154"
"10.1007_BF01044288","10","string_result","locations_result.end","31494"
"10.1007_BF01044288","11","string_result","locations_result.end","32353"
"10.1007_BF01044288","1","string_result","pre_result","ty than were jurors who no information on his prior record. Cornish and Sealy (1973) obtained mixed r"
"10.1007_BF01044288","2","string_result","pre_result","his or her disposition to tell the truth. If the law’s rationaie is correct, more convictions would r"
"10.1007_BF01044288","3","string_result","pre_result","prior conviction is for perjury; but if jurors are misusing the information, more convictions would r"
"10.1007_BF01044288","4","string_result","pre_result"," result from a prior conviction for the same crime; and an intermediate number of convictions would r"
"10.1007_BF01044288","5","string_result","pre_result","n the auto theft case and auto theft in the murder case), and previous conviction for perjury. (The r"
"10.1007_BF01044288","6","string_result","pre_result","g those with criminal records less than the mistake of convicting basically “good” people, with the r"
"10.1007_BF01044288","7","string_result","pre_result"," the present offense than would subjects who have no prior record information. This, in turn, could r"
"10.1007_BF01044288","8","string_result","pre_result","hould be directly investigated in future research.

One should be cautious in generalizing from the r"
"10.1007_BF01044288","9","string_result","pre_result","Kerr, 1982; Konečni &amp; Ebbesen, 1982). It is unlikely, however, that the pattern of the obtained r"
"10.1007_BF01044288","10","string_result","pre_result","’s credibility rating to the average credibility rating of the other witnesses. The same conclusion r"
"10.1007_BF01044288","11","string_result","pre_result","ior record conditions and case (Keppel, 1973), these orthogonal a priori comparisons show different r"
"10.1007_BF01044288","1","string_result","post_result","ts depending upon the crime with which the defendant was charged. In addition, Doob and Kirshenbaurn "
"10.1007_BF01044288","2","string_result","post_result","t when the prior conviction is for perjury; but if jurors are misusing the information, more convicti"
"10.1007_BF01044288","3","string_result","post_result","t from a prior conviction for the same crime; and an intermediate number of convictions would result "
"10.1007_BF01044288","4","string_result","post_result","t from a prior conviction for a dissimilar crime.

METHOD  


#### Overview of Design

One hundred si"
"10.1007_BF01044288","5","string_result","post_result","ting stimuli consisted of eight present charge-prior conviction combinations.) Included in the case s"
"10.1007_BF01044288","6","string_result","post_result","tant effect of lowering the level of probability of guilt, or level of reasonable doubt, necessary to"
"10.1007_BF01044288","7","string_result","post_result","t in higher conviction rates. In fact, Lussier, Perlman, and Breen (1977) found that subjects attribu"
"10.1007_BF01044288","8","string_result","post_result","ts of this study to jurors in a real trial. First, the ratio of trial evidence to prior conviction in"
"10.1007_BF01044288","9","string_result","post_result","ts is due to an interaction between the prior-conviction manipulation and something unique to these s"
"10.1007_BF01044288","10","string_result","post_result","ts from significance tests comparing the defendant with each other witness separately.

7 The large d"
"10.1007_BF01044288","11","string_result","post_result","ts when examined separately for each case. First, the lower conviction rate for defendants with no pr"
