"doi","exemplar","type","key","value"
"10.1007_BF01044220","1","length","total_length","100182"
"10.1007_BF01044220","1","p_values","locations_p.start","37468"
"10.1007_BF01044220","2","p_values","locations_p.start","38816"
"10.1007_BF01044220","3","p_values","locations_p.start","42866"
"10.1007_BF01044220","4","p_values","locations_p.start","42956"
"10.1007_BF01044220","5","p_values","locations_p.start","43263"
"10.1007_BF01044220","6","p_values","locations_p.start","44368"
"10.1007_BF01044220","7","p_values","locations_p.start","45177"
"10.1007_BF01044220","8","p_values","locations_p.start","46081"
"10.1007_BF01044220","9","p_values","locations_p.start","46128"
"10.1007_BF01044220","10","p_values","locations_p.start","47535"
"10.1007_BF01044220","11","p_values","locations_p.start","47803"
"10.1007_BF01044220","12","p_values","locations_p.start","47907"
"10.1007_BF01044220","13","p_values","locations_p.start","50246"
"10.1007_BF01044220","14","p_values","locations_p.start","50691"
"10.1007_BF01044220","15","p_values","locations_p.start","50744"
"10.1007_BF01044220","16","p_values","locations_p.start","51618"
"10.1007_BF01044220","17","p_values","locations_p.start","52388"
"10.1007_BF01044220","18","p_values","locations_p.start","53234"
"10.1007_BF01044220","19","p_values","locations_p.start","53551"
"10.1007_BF01044220","20","p_values","locations_p.start","61339"
"10.1007_BF01044220","21","p_values","locations_p.start","61379"
"10.1007_BF01044220","22","p_values","locations_p.start","75475"
"10.1007_BF01044220","23","p_values","locations_p.start","75602"
"10.1007_BF01044220","24","p_values","locations_p.start","76495"
"10.1007_BF01044220","25","p_values","locations_p.start","83565"
"10.1007_BF01044220","26","p_values","locations_p.start","83820"
"10.1007_BF01044220","27","p_values","locations_p.start","84384"
"10.1007_BF01044220","28","p_values","locations_p.start","84463"
"10.1007_BF01044220","1","p_values","locations_p.end","37477"
"10.1007_BF01044220","2","p_values","locations_p.end","38823"
"10.1007_BF01044220","3","p_values","locations_p.end","42873"
"10.1007_BF01044220","4","p_values","locations_p.end","42964"
"10.1007_BF01044220","5","p_values","locations_p.end","43271"
"10.1007_BF01044220","6","p_values","locations_p.end","44376"
"10.1007_BF01044220","7","p_values","locations_p.end","45185"
"10.1007_BF01044220","8","p_values","locations_p.end","46089"
"10.1007_BF01044220","9","p_values","locations_p.end","46136"
"10.1007_BF01044220","10","p_values","locations_p.end","47542"
"10.1007_BF01044220","11","p_values","locations_p.end","47810"
"10.1007_BF01044220","12","p_values","locations_p.end","47914"
"10.1007_BF01044220","13","p_values","locations_p.end","50253"
"10.1007_BF01044220","14","p_values","locations_p.end","50698"
"10.1007_BF01044220","15","p_values","locations_p.end","50751"
"10.1007_BF01044220","16","p_values","locations_p.end","51625"
"10.1007_BF01044220","17","p_values","locations_p.end","52395"
"10.1007_BF01044220","18","p_values","locations_p.end","53241"
"10.1007_BF01044220","19","p_values","locations_p.end","53558"
"10.1007_BF01044220","20","p_values","locations_p.end","61347"
"10.1007_BF01044220","21","p_values","locations_p.end","61387"
"10.1007_BF01044220","22","p_values","locations_p.end","75482"
"10.1007_BF01044220","23","p_values","locations_p.end","75610"
"10.1007_BF01044220","24","p_values","locations_p.end","76503"
"10.1007_BF01044220","25","p_values","locations_p.end","83572"
"10.1007_BF01044220","26","p_values","locations_p.end","83827"
"10.1007_BF01044220","27","p_values","locations_p.end","84391"
"10.1007_BF01044220","28","p_values","locations_p.end","84471"
"10.1007_BF01044220","1","p_values","result","p<0.001"
"10.1007_BF01044220","2","p_values","result","p<.01"
"10.1007_BF01044220","3","p_values","result","p<.05"
"10.1007_BF01044220","4","p_values","result","p<.005"
"10.1007_BF01044220","5","p_values","result","p<.053"
"10.1007_BF01044220","6","p_values","result","p<.005"
"10.1007_BF01044220","7","p_values","result","p<.025"
"10.1007_BF01044220","8","p_values","result","p<.025"
"10.1007_BF01044220","9","p_values","result","p<.025"
"10.1007_BF01044220","10","p_values","result","p<.05"
"10.1007_BF01044220","11","p_values","result","p<.01"
"10.1007_BF01044220","12","p_values","result","p<.02"
"10.1007_BF01044220","13","p_values","result","p<.09"
"10.1007_BF01044220","14","p_values","result","p<.03"
"10.1007_BF01044220","15","p_values","result","p<.01"
"10.1007_BF01044220","16","p_values","result","p>.10"
"10.1007_BF01044220","17","p_values","result","p<.07"
"10.1007_BF01044220","18","p_values","result","p<.07"
"10.1007_BF01044220","19","p_values","result","p<.09"
"10.1007_BF01044220","20","p_values","result","p<.001"
"10.1007_BF01044220","21","p_values","result","p<.025"
"10.1007_BF01044220","22","p_values","result","p=.13"
"10.1007_BF01044220","23","p_values","result","p<.015"
"10.1007_BF01044220","24","p_values","result","p<.025"
"10.1007_BF01044220","25","p_values","result","p<.05"
"10.1007_BF01044220","26","p_values","result","p<.05"
"10.1007_BF01044220","27","p_values","result","p<.05"
"10.1007_BF01044220","28","p_values","result","p<.025"
"10.1007_BF01044220","1","p_values","comparison","<"
"10.1007_BF01044220","2","p_values","comparison","<"
"10.1007_BF01044220","3","p_values","comparison","<"
"10.1007_BF01044220","4","p_values","comparison","<"
"10.1007_BF01044220","5","p_values","comparison","<"
"10.1007_BF01044220","6","p_values","comparison","<"
"10.1007_BF01044220","7","p_values","comparison","<"
"10.1007_BF01044220","8","p_values","comparison","<"
"10.1007_BF01044220","9","p_values","comparison","<"
"10.1007_BF01044220","10","p_values","comparison","<"
"10.1007_BF01044220","11","p_values","comparison","<"
"10.1007_BF01044220","12","p_values","comparison","<"
"10.1007_BF01044220","13","p_values","comparison","<"
"10.1007_BF01044220","14","p_values","comparison","<"
"10.1007_BF01044220","15","p_values","comparison","<"
"10.1007_BF01044220","16","p_values","comparison",">"
"10.1007_BF01044220","17","p_values","comparison","<"
"10.1007_BF01044220","18","p_values","comparison","<"
"10.1007_BF01044220","19","p_values","comparison","<"
"10.1007_BF01044220","20","p_values","comparison","<"
"10.1007_BF01044220","21","p_values","comparison","<"
"10.1007_BF01044220","22","p_values","comparison","="
"10.1007_BF01044220","23","p_values","comparison","<"
"10.1007_BF01044220","24","p_values","comparison","<"
"10.1007_BF01044220","25","p_values","comparison","<"
"10.1007_BF01044220","26","p_values","comparison","<"
"10.1007_BF01044220","27","p_values","comparison","<"
"10.1007_BF01044220","28","p_values","comparison","<"
"10.1007_BF01044220","1","p_values","value","0.001"
"10.1007_BF01044220","2","p_values","value",".01"
"10.1007_BF01044220","3","p_values","value",".05"
"10.1007_BF01044220","4","p_values","value",".005"
"10.1007_BF01044220","5","p_values","value",".053"
"10.1007_BF01044220","6","p_values","value",".005"
"10.1007_BF01044220","7","p_values","value",".025"
"10.1007_BF01044220","8","p_values","value",".025"
"10.1007_BF01044220","9","p_values","value",".025"
"10.1007_BF01044220","10","p_values","value",".05"
"10.1007_BF01044220","11","p_values","value",".01"
"10.1007_BF01044220","12","p_values","value",".02"
"10.1007_BF01044220","13","p_values","value",".09"
"10.1007_BF01044220","14","p_values","value",".03"
"10.1007_BF01044220","15","p_values","value",".01"
"10.1007_BF01044220","16","p_values","value",".10"
"10.1007_BF01044220","17","p_values","value",".07"
"10.1007_BF01044220","18","p_values","value",".07"
"10.1007_BF01044220","19","p_values","value",".09"
"10.1007_BF01044220","20","p_values","value",".001"
"10.1007_BF01044220","21","p_values","value",".025"
"10.1007_BF01044220","22","p_values","value",".13"
"10.1007_BF01044220","23","p_values","value",".015"
"10.1007_BF01044220","24","p_values","value",".025"
"10.1007_BF01044220","25","p_values","value",".05"
"10.1007_BF01044220","26","p_values","value",".05"
"10.1007_BF01044220","27","p_values","value",".05"
"10.1007_BF01044220","28","p_values","value",".025"
"10.1007_BF01044220","1","string_theor","locations_theor.start","36256"
"10.1007_BF01044220","2","string_theor","locations_theor.start","48546"
"10.1007_BF01044220","3","string_theor","locations_theor.start","48561"
"10.1007_BF01044220","4","string_theor","locations_theor.start","85723"
"10.1007_BF01044220","5","string_theor","locations_theor.start","86145"
"10.1007_BF01044220","6","string_theor","locations_theor.start","87125"
"10.1007_BF01044220","7","string_theor","locations_theor.start","91604"
"10.1007_BF01044220","1","string_theor","locations_theor.end","36260"
"10.1007_BF01044220","2","string_theor","locations_theor.end","48550"
"10.1007_BF01044220","3","string_theor","locations_theor.end","48565"
"10.1007_BF01044220","4","string_theor","locations_theor.end","85727"
"10.1007_BF01044220","5","string_theor","locations_theor.end","86149"
"10.1007_BF01044220","6","string_theor","locations_theor.end","87129"
"10.1007_BF01044220","7","string_theor","locations_theor.end","91608"
"10.1007_BF01044220","1","string_theor","pre_theor"," certain advantages (e.g., obviating data collection in conditions that were expensive to study and t"
"10.1007_BF01044220","2","string_theor","pre_theor","e are at least two possible explanations for this. The first explanation relies more on probability t"
"10.1007_BF01044220","3","string_theor","pre_theor","two possible explanations for this. The first explanation relies more on probability theory than on t"
"10.1007_BF01044220","4","string_theor","pre_theor","). Interaction process analysis. Cambridge, MA: Addison-Wesley.

Bem, D. J. (1972). Self-perception t"
"10.1007_BF01044220","5","string_theor","pre_theor","amp; R.Bray (Eds.), The psychology of the courtroom. New York: Academic Press.

Brehm, J. (1966). A t"
"10.1007_BF01044220","6","string_theor","pre_theor","p. 159–229). Hillsdale, NJ: Erlbaum.

Davis, J. H. (1973). Group decision and social interaction: A t"
"10.1007_BF01044220","7","string_theor","pre_theor","a function of member attitudes: Choice shift effects from the perspective of social decision scheme t"
"10.1007_BF01044220","1","string_theor","post_theor","retically uninteresting), but it also presented certain disadvantages. Some higher-order interaction "
"10.1007_BF01044220","2","string_theor","post_theor","ry than on theories of group process. One effect of randomly composing groups is to transform a small"
"10.1007_BF01044220","3","string_theor","post_theor","ries of group process. One effect of randomly composing groups is to transform a small difference in "
"10.1007_BF01044220","4","string_theor","post_theor","ry. In L.Berkowitz (Ed.), Advances in experimental social psychology, 6, New York: Academic Press.

B"
"10.1007_BF01044220","5","string_theor","post_theor","ry of psychological reactance. New York: Academic.

Broeder, D. W. (1958). The University of Chicago "
"10.1007_BF01044220","6","string_theor","post_theor","ry of social decision schemas. Psychological Review, 80, 97–125.

Davis, J. H., and others. (1975). T"
"10.1007_BF01044220","7","string_theor","post_theor","ry. Journal of Personality and Social Psychology, 35, 574–593.

Kerr, N. L., &amp; MacCoun, R. (1983)"
"10.1007_BF01044220","1","string_account","locations_account.start","35907"
"10.1007_BF01044220","2","string_account","locations_account.start","47182"
"10.1007_BF01044220","3","string_account","locations_account.start","50479"
"10.1007_BF01044220","1","string_account","locations_account.end","35913"
"10.1007_BF01044220","2","string_account","locations_account.end","47188"
"10.1007_BF01044220","3","string_account","locations_account.end","50485"
"10.1007_BF01044220","1","string_account","pre_account",", not shocked-shocked, calm—upset) indicated that they all loaded heavily on a single factor (which a"
"10.1007_BF01044220","2","string_account","pre_account","icated that these items all loaded strongly on a single “evaluation of the defendant” factor (which a"
"10.1007_BF01044220","3","string_account","pre_account","fect the initial balance of sentiment in the juries. However, the emotion effect cannot be entirely a"
"10.1007_BF01044220","1","string_account","post_account","ted for 65% of the variance). Therefore, an index of emotional arousal was created by averaging these"
"10.1007_BF01044220","2","string_account","post_account","ted for 66% of the variance). Therefore, after reverse scoring where necessary (such that low scores "
"10.1007_BF01044220","3","string_account","post_account","ted for by such differences in initial majorities. When V1 was analyzed in an analysis of covariance "
"10.1007_BF01044220","1","string_model","locations_model.start","73969"
"10.1007_BF01044220","2","string_model","locations_model.start","89722"
"10.1007_BF01044220","3","string_model","locations_model.start","91877"
"10.1007_BF01044220","4","string_model","locations_model.start","94470"
"10.1007_BF01044220","5","string_model","locations_model.start","96569"
"10.1007_BF01044220","1","string_model","locations_model.end","73973"
"10.1007_BF01044220","2","string_model","locations_model.end","89726"
"10.1007_BF01044220","3","string_model","locations_model.end","91881"
"10.1007_BF01044220","4","string_model","locations_model.end","94474"
"10.1007_BF01044220","5","string_model","locations_model.end","96573"
"10.1007_BF01044220","1","string_model","pre_model","current mood as evidence of how they currently feel toward the judgment task. This “misattribution” m"
"10.1007_BF01044220","2","string_model","pre_model","ience, 10, 179–194.

Hoffman, L. R. (1979). The group problem solving process: Studies of a valance m"
"10.1007_BF01044220","3","string_model","pre_model","ature. Unpublished manuscript.

Kerr, N. L., Stasser, G., &amp; Davis, J. H. (1979). Model-testing, m"
"10.1007_BF01044220","4","string_model","pre_model"," Psychology Review, 3, 71–79.

Penrod, S. (1979). Study of attorney and “scientific” jury selection m"
"10.1007_BF01044220","5","string_model","pre_model","amp; Davis, J. H. (1981). Group decision making and social influence: A social interaction sequence m"
"10.1007_BF01044220","1","string_model","post_model","l would suggest that, rather than relying on past associations, subjects in a negative mood could use"
"10.1007_BF01044220","2","string_model","post_model","l. New York: Praeger.

Hoiberg, B. C., &amp; Stires, L. K. (1973). The effect of several types of pre"
"10.1007_BF01044220","3","string_model","post_model","l-fitting, and social decision schemes. Organizational Behavior and Human Performance, 23, 399–410.

"
"10.1007_BF01044220","4","string_model","post_model","ls. Unpublished doctoral dissertation. Harvard University.

Pollock, A. (1977). The use of public opi"
"10.1007_BF01044220","5","string_model","post_model","l. Psychological Review, 88, 523–551.

Stasser, G., Kerr, N. L., &amp; Bray, R. (1982). The social ps"
"10.1007_BF01044220","1","string_data","locations_data.start","19374"
"10.1007_BF01044220","2","string_data","locations_data.start","36193"
"10.1007_BF01044220","3","string_data","locations_data.start","36769"
"10.1007_BF01044220","4","string_data","locations_data.start","38435"
"10.1007_BF01044220","5","string_data","locations_data.start","45560"
"10.1007_BF01044220","6","string_data","locations_data.start","66000"
"10.1007_BF01044220","7","string_data","locations_data.start","67558"
"10.1007_BF01044220","8","string_data","locations_data.start","84282"
"10.1007_BF01044220","9","string_data","locations_data.start","84611"
"10.1007_BF01044220","10","string_data","locations_data.start","87464"
"10.1007_BF01044220","1","string_data","locations_data.end","19377"
"10.1007_BF01044220","2","string_data","locations_data.end","36196"
"10.1007_BF01044220","3","string_data","locations_data.end","36772"
"10.1007_BF01044220","4","string_data","locations_data.end","38438"
"10.1007_BF01044220","5","string_data","locations_data.end","45563"
"10.1007_BF01044220","6","string_data","locations_data.end","66003"
"10.1007_BF01044220","7","string_data","locations_data.end","67561"
"10.1007_BF01044220","8","string_data","locations_data.end","84285"
"10.1007_BF01044220","9","string_data","locations_data.end","84614"
"10.1007_BF01044220","10","string_data","locations_data.end","87467"
"10.1007_BF01044220","1","string_data","pre_data","ected by the court in advance of jury duty. This questionnaire solicited demographic and background d"
"10.1007_BF01044220","2","string_data","pre_data","ign was not a completely crossed factorial. This design offered certain advantages (e.g., obviating d"
"10.1007_BF01044220","3","string_data","pre_data","e 1 was designed to maximize both the orthogonality between contrasts and the inclusion of relevant d"
"10.1007_BF01044220","4","string_data","pre_data"," test of their memory for six factual and two emotion publicity facts. Log linear analyses on these d"
"10.1007_BF01044220","5","string_data","pre_data","ct = 1.69). The former simple effect was significant (p < .05); the latter was not (p > .10). These d"
"10.1007_BF01044220","6","string_data","pre_data","is effect persisted even when the initial guilty/not guilty split in the jury was controlled. These d"
"10.1007_BF01044220","7","string_data","pre_data","ated by exposure to factually biasing publicity. This may be largely a result of forgetting: Recall d"
"10.1007_BF01044220","8","string_data","pre_data","by around 1%.

10 These results were corroborated through a log linear analysis of the jury verdict d"
"10.1007_BF01044220","9","string_data","pre_data","post hoc testing is not strictly legitimate. Mindful of the near impossibility of collecting enough d"
"10.1007_BF01044220","10","string_data","pre_data","y, 32, 1–14.

Davis, J. H., &amp; Kerr, N. L. (1986). Thought experiments and the problem of sparse d"
"10.1007_BF01044220","1","string_data","post_data","a. In addition, a comparison sample of 205 background questionnaires was randomly selected from the s"
"10.1007_BF01044220","2","string_data","post_data","a collection in conditions that were expensive to study and theoretically uninteresting), but it also"
"10.1007_BF01044220","3","string_data","post_data","a. For each dependent variable in the study, this set of contrasts was tested using an error term obt"
"10.1007_BF01044220","4","string_data","post_data","a resulted in a significant (p < 0.0001) Fact × Response association for each of the 6 fact items, in"
"10.1007_BF01044220","5","string_data","post_data","a indicate the effectiveness of a delay in countering the effect of factually biasing publicity.

Imm"
"10.1007_BF01044220","6","string_data","post_data","a suggest that prejudicial publicity may create a bias in the selection or presentation of arguments "
"10.1007_BF01044220","7","string_data","post_data","a suggested that memory for factual publicity declined more after a delay than did memory for emotion"
"10.1007_BF01044220","8","string_data","post_data","a. Again, two effects were observed: the association of emotional publicity and verdict (G2 = 4.11, p"
"10.1007_BF01044220","9","string_data","post_data","a for powerful statistical tests (cf. Davis et al., 1975), the present tests are presented only to pr"
"10.1007_BF01044220","10","string_data","post_data","a in small group performance research. In P. S.Goodman and Associates (Eds.), Designing effective wor"
"10.1007_BF01044220","1","string_finding","locations_finding.start","46394"
"10.1007_BF01044220","1","string_finding","locations_finding.end","46400"
"10.1007_BF01044220","1","string_finding","pre_finding"," condition (33% guilty; verdict rating mean = 11.52). As the preceding analyses would suggest, this f"
"10.1007_BF01044220","1","string_finding","post_finding","g was unaffected by instruction or delay remedies. The Fact × Delay interaction obtained for jury ver"
"10.1007_BF01044220","1","string_result","locations_result.start","13933"
"10.1007_BF01044220","2","string_result","locations_result.start","20541"
"10.1007_BF01044220","3","string_result","locations_result.start","32837"
"10.1007_BF01044220","4","string_result","locations_result.start","37166"
"10.1007_BF01044220","5","string_result","locations_result.start","38440"
"10.1007_BF01044220","6","string_result","locations_result.start","39645"
"10.1007_BF01044220","7","string_result","locations_result.start","42426"
"10.1007_BF01044220","8","string_result","locations_result.start","45035"
"10.1007_BF01044220","9","string_result","locations_result.start","51196"
"10.1007_BF01044220","10","string_result","locations_result.start","53215"
"10.1007_BF01044220","11","string_result","locations_result.start","59666"
"10.1007_BF01044220","12","string_result","locations_result.start","60739"
"10.1007_BF01044220","13","string_result","locations_result.start","63145"
"10.1007_BF01044220","14","string_result","locations_result.start","65243"
"10.1007_BF01044220","15","string_result","locations_result.start","66483"
"10.1007_BF01044220","16","string_result","locations_result.start","67529"
"10.1007_BF01044220","17","string_result","locations_result.start","68058"
"10.1007_BF01044220","18","string_result","locations_result.start","68676"
"10.1007_BF01044220","19","string_result","locations_result.start","69256"
"10.1007_BF01044220","20","string_result","locations_result.start","71463"
"10.1007_BF01044220","21","string_result","locations_result.start","74231"
"10.1007_BF01044220","22","string_result","locations_result.start","84069"
"10.1007_BF01044220","23","string_result","locations_result.start","84206"
"10.1007_BF01044220","24","string_result","locations_result.start","94996"
"10.1007_BF01044220","1","string_result","locations_result.end","13938"
"10.1007_BF01044220","2","string_result","locations_result.end","20546"
"10.1007_BF01044220","3","string_result","locations_result.end","32842"
"10.1007_BF01044220","4","string_result","locations_result.end","37171"
"10.1007_BF01044220","5","string_result","locations_result.end","38445"
"10.1007_BF01044220","6","string_result","locations_result.end","39650"
"10.1007_BF01044220","7","string_result","locations_result.end","42431"
"10.1007_BF01044220","8","string_result","locations_result.end","45040"
"10.1007_BF01044220","9","string_result","locations_result.end","51201"
"10.1007_BF01044220","10","string_result","locations_result.end","53220"
"10.1007_BF01044220","11","string_result","locations_result.end","59671"
"10.1007_BF01044220","12","string_result","locations_result.end","60744"
"10.1007_BF01044220","13","string_result","locations_result.end","63150"
"10.1007_BF01044220","14","string_result","locations_result.end","65248"
"10.1007_BF01044220","15","string_result","locations_result.end","66488"
"10.1007_BF01044220","16","string_result","locations_result.end","67534"
"10.1007_BF01044220","17","string_result","locations_result.end","68063"
"10.1007_BF01044220","18","string_result","locations_result.end","68681"
"10.1007_BF01044220","19","string_result","locations_result.end","69261"
"10.1007_BF01044220","20","string_result","locations_result.end","71468"
"10.1007_BF01044220","21","string_result","locations_result.end","74236"
"10.1007_BF01044220","22","string_result","locations_result.end","84074"
"10.1007_BF01044220","23","string_result","locations_result.end","84211"
"10.1007_BF01044220","24","string_result","locations_result.end","95001"
"10.1007_BF01044220","1","string_result","pre_result","adawar-Singer et al. (1974) report that voir dire diminished the effect of news coverage, but their r"
"10.1007_BF01044220","2","string_result","pre_result","plementing the expensive delay treatment to determine its ability to remedy a nonexistent bias. The r"
"10.1007_BF01044220","3","string_result","pre_result","ion. This could be expected to occur from a purely random assignment of subjects to juries, but the r"
"10.1007_BF01044220","4","string_result","pre_result","h this is not a standard approach, it should be noted that this contrast approach gave very similar r"
"10.1007_BF01044220","5","string_result","pre_result"," of their memory for six factual and two emotion publicity facts. Log linear analyses on these data r"
"10.1007_BF01044220","6","string_result","pre_result"," items. The proportion of correct responses to the emotion items declined only from .64 to .61 as a r"
"10.1007_BF01044220","7","string_result","pre_result","other juror judgments of the defendant.

**Ancillary Juror Judgments**

Consistent with the verdict r"
"10.1007_BF01044220","8","string_result","pre_result","% effect in juries; if one disregards hung juries, the emotion effect was 41%. The reasons for this r"
"10.1007_BF01044220","9","string_result","pre_result","the high and low emotion juries differ; the same initial verdict distribution should have different r"
"10.1007_BF01044220","10","string_result","pre_result","s). As to process differences, the overall comparison of matrices produced a marginally significant r"
"10.1007_BF01044220","11","string_result","pre_result","60 tests were performed).

First, as the informal analysis suggested, exposure to the publicity did r"
"10.1007_BF01044220","12","string_result","pre_result","the content of deliberation, they do not offer a simple and direct explanation for the jury verdict r"
"10.1007_BF01044220","13","string_result","pre_result",", and continuance. Let us consider each of these remedies in turn.

#### Judicial Instructions

Our r"
"10.1007_BF01044220","14","string_result","pre_result","ial majorities usually prevail (Kalven &amp; Zeisel, 1966; Davis, 1980), this “grouping” effect can r"
"10.1007_BF01044220","15","string_result","pre_result","vigor of advocacy could speak to this possibility (O’Barr, 1982). It must also be conceded that the r"
"10.1007_BF01044220","16","string_result","pre_result","day delay eliminated bias created by exposure to factually biasing publicity. This may be largely a r"
"10.1007_BF01044220","17","string_result","pre_result","ld still attenuate bias produced by repeated or longer factual publicity. Nevertheless, the current r"
"10.1007_BF01044220","18","string_result","pre_result","tion and for this reason may have been more biasing). However, this possibility is not supported by r"
"10.1007_BF01044220","19","string_result","pre_result","y was qualitatively different from the factually biasing publicity, and the qualitative differences r"
"10.1007_BF01044220","20","string_result","pre_result"," may have been more memorable. Greater memorability of the emotionally biasing publicity could have r"
"10.1007_BF01044220","21","string_result","pre_result","he defendant’s guilt or innocence. In our study, the negative affect may have been regenerated as a r"
"10.1007_BF01044220","22","string_result","pre_result","n unanimous juries are rare, as will be the case with a very close case like the one used here, the r"
"10.1007_BF01044220","23","string_result","pre_result"," the present instance, correcting for this bias changes the conviction rate by around 1%.

10 These r"
"10.1007_BF01044220","24","string_result","pre_result","ale.”The Quill, 68, 8.

Reyes, R. M., Thompson, W. C., &amp; Bower, G. H. (1980). Judgmental biases r"
"10.1007_BF01044220","1","string_result","post_result","ts actually show an increase in the conviction rate among those exposed to neutral news reports, perh"
"10.1007_BF01044220","2","string_result","post_result","ting 14 cells of the experiment are displayed at the top of Table 1. The number of individuals and gr"
"10.1007_BF01044220","3","string_result","post_result","ts of such jury “deliberations” would have been uninteresting. Thus, before randomly assigning jurors"
"10.1007_BF01044220","4","string_result","post_result","ts to those obtained by alternative approaches, including alternative sets of nonorthogonal contrasts"
"10.1007_BF01044220","5","string_result","post_result","ted in a significant (p < 0.0001) Fact × Response association for each of the 6 fact items, indicatin"
"10.1007_BF01044220","6","string_result","post_result","t of a delay, whereas this proportion dropped from .44 to .24 for the factual items.

#### Predeliber"
"10.1007_BF01044220","7","string_result","post_result","ts, the contrast analyses of jurors’ ratings of the likelihood of guilt produced no significant effec"
"10.1007_BF01044220","8","string_result","post_result","t are explored in several of the following analyses.

The only other significant effect was the Fact "
"10.1007_BF01044220","9","string_result","post_result","ts in the two emotion conditions. Unfortunately, even the present rather large sample (654 jury membe"
"10.1007_BF01044220","10","string_result","post_result","t, G2(5) = 10, p < .07. The second and third rows of the matrices exhibit the same pattern noted abov"
"10.1007_BF01044220","11","string_result","post_result","t in more discussion of it. Exposure to high emotional publicity produced a significantly higher rate"
"10.1007_BF01044220","12","string_result","post_result","ts. We did not find, for example, that the more the jury discusses the publicity, the more likely it "
"10.1007_BF01044220","13","string_result","post_result","ts are completely consistent with prior research on the ineffectiveness of judicial cautionary instru"
"10.1007_BF01044220","14","string_result","post_result","t in stronger bias effects in juries than among jurors.

However, that is not the entire story. Expos"
"10.1007_BF01044220","15","string_result","post_result","t could be spurious—a preponderance of proconviction arguments might be a consequence rather than a c"
"10.1007_BF01044220","16","string_result","post_result","t of forgetting: Recall data suggested that memory for factual publicity declined more after a delay "
"10.1007_BF01044220","17","string_result","post_result","ts suggest that continuance may be effective in counteracting bias produced by at least some types of"
"10.1007_BF01044220","18","string_result","post_result","ts of pilot testing (Kramer &amp; Kerr, 1989) which showed that these two types of publicity had appr"
"10.1007_BF01044220","19","string_result","post_result","ted in the emotionally biasing publicity being more biasing. Of course, it was our intent to create q"
"10.1007_BF01044220","20","string_result","post_result","ted in its being more resistant to continuance than the factually biasing publicity (Reyes, Thompson,"
"10.1007_BF01044220","21","string_result","post_result","t of reminders of the content of the emotionally biasing publicity. This affect might then have acted"
"10.1007_BF01044220","22","string_result","post_result","t of this bias is very small. In the present instance, correcting for this bias changes the convictio"
"10.1007_BF01044220","23","string_result","post_result","ts were corroborated through a log linear analysis of the jury verdict data. Again, two effects were "
"10.1007_BF01044220","24","string_result","post_result","ting from differing availabilities of arguments. Journal of Personality and Social Psychology, 39, 2–"
